FECHA_CORTE;ANP_CATE;ANP_CODI;ANP_NOMB;ANP_SECT;ANP_UBPO;ANP_SULEG;ANP_UICN;ANP_BALEC;ANP_FELEC;ANP_BALEM;ANP_FELEM;ANP_WDPAID;UBIGEO1;DEPARTAMENTO1;PROVINCIA1;DISTRITO1;UBIGEO2;DEPARTAMENTO2;PROVINCIA2;DISTRITO2;UBIGEO3;DEPARTAMENTO3;PROVINCIA3;DISTRITO3;UBIGEO4;DEPARTAMENTO4;PROVINCIA4;DISTRITO4;UBIGEO5;DEPARTAMENTO5;PROVINCIA5;DISTRITO5;UBIGEO6;DEPARTAMENTO6;PROVINCIA6;DISTRITO6;UBIGEO7;DEPARTAMENTO7;PROVINCIA7;DISTRITO7;UBIGEO8;DEPARTAMENTO8;PROVINCIA8;DISTRITO8;UBIGEO9;DEPARTAMENTO9;PROVINCIA9;DISTRITO9;UBIGEO10;DEPARTAMENTO10;PROVINCIA10;DISTRITO10;UBIGEO11;DEPARTAMENTO11;PROVINCIA11;DISTRITO11;UBIGEO12;DEPARTAMENTO12;PROVINCIA12;DISTRITO12;UBIGEO13;DEPARTAMENTO13;PROVINCIA13;DISTRITO13;UBIGEO14;DEPARTAMENTO14;PROVINCIA14;DISTRITO14;UBIGEO15;DEPARTAMENTO15;PROVINCIA15;DISTRITO15;UBIGEO16;DEPARTAMENTO16;PROVINCIA16;DISTRITO16;UBIGEO17;DEPARTAMENTO17;PROVINCIA17;DISTRITO17;UBIGEO18;DEPARTAMENTO18;PROVINCIA18;DISTRITO18;UBIGEO19;DEPARTAMENTO19;PROVINCIA19;DISTRITO19;UBIGEO20;DEPARTAMENTO20;PROVINCIA20;DISTRITO20;UBIGEO21;DEPARTAMENTO21;PROVINCIA21;DISTRITO21;UBIGEO22;DEPARTAMENTO22;PROVINCIA22;DISTRITO22;UBIGEO23;DEPARTAMENTO23;PROVINCIA23;DISTRITO23;UBIGEO24;DEPARTAMENTO24;PROVINCIA24;DISTRITO24;UBIGEO25;DEPARTAMENTO25;PROVINCIA25;DISTRITO25;UBIGEO26;DEPARTAMENTO26;PROVINCIA26;DISTRITO26;UBIGEO27;DEPARTAMENTO27;PROVINCIA27;DISTRITO27;UBIGEO28;DEPARTAMENTO28;PROVINCIA28;DISTRITO28;UBIGEO29;DEPARTAMENTO29;PROVINCIA29;DISTRITO29;UBIGEO30;DEPARTAMENTO30;PROVINCIA30;DISTRITO30
20221121;Bosque de Protección;BP01;Aledaño a la Bocatoma del Canal Nuevo Imperial;;Lima;18.11;VI - Uso sostenible de recursos naturales;R.S. N° 0007-1980-AA/DGFF;19800519;;;168275;150508;LIMA;CAÑETE;LUNAHUANA;;;;;;;;;;;;;;;;;;;;;;;;;;;;;;;;;;;;;;;;;;;;;;;;;;;;;;;;;;;;;;;;;;;;;;;;;;;;;;;;;;;;;;;;;;;;;;;;;;;;;;;;;;;;;;;;;;;;
20221121;Bosque de Protección;BP02;Puquio Santa Rosa;;La Libertad;72.5;VI - Uso sostenible de recursos naturales;R.S. N° 0434-1982-AG/DGFF;19820902;;;20180;131202;LA LIBERTAD;VIRU;CHAO;;;;;;;;;;;;;;;;;;;;;;;;;;;;;;;;;;;;;;;;;;;;;;;;;;;;;;;;;;;;;;;;;;;;;;;;;;;;;;;;;;;;;;;;;;;;;;;;;;;;;;;;;;;;;;;;;;;;
20221121;Bosque de Protección;BP03;de Pui Pui;;Junín;60000;VI - Uso sostenible de recursos naturales;R.S. N° 0042-1985-AG/DGFF;19850131;;;20181;120605;JUNIN;SATIPO;PAMPA HERMOSA;120419;JUNIN;JAUJA;MONOBAMBA;120306;JUNIN;CHANCHAMAYO;VITOC;120305;JUNIN;CHANCHAMAYO;SAN RAMON;120303;JUNIN;CHANCHAMAYO;PICHANAQUI;120302;JUNIN;CHANCHAMAYO;PERENE;120301;JUNIN;CHANCHAMAYO;CHANCHAMAYO;;;;;;;;;;;;;;;;;;;;;;;;;;;;;;;;;;;;;;;;;;;;;;;;;;;;;;;;;;;;;;;;;;;;;;;;;;;;;;;;;;;;;;;;;;;;
20221121;Bosque de Protección;BP04;San Matias-San Carlos;;Pasco;145818;VI - Uso sostenible de recursos naturales;R.S. N° 0101-1987-AG/DGFF;19870320;;;20182;190306;PASCO;OXAPAMPA;PUERTO BERMUDEZ;190307;PASCO;OXAPAMPA;VILLA RICA;190308;PASCO;OXAPAMPA;CONSTITUCION;190304;PASCO;OXAPAMPA;PALCAZU;;;;;;;;;;;;;;;;;;;;;;;;;;;;;;;;;;;;;;;;;;;;;;;;;;;;;;;;;;;;;;;;;;;;;;;;;;;;;;;;;;;;;;;;;;;;;;;;;;;;;;;;
20221121;Bosque de Protección;BP05;de Pagaibamba;;Cajamarca;2078.38;VI - Uso sostenible de recursos naturales;R.S. N° 0222-1987-AG/DGFF;19870619;;;20184;60415;CAJAMARCA;CHOTA;QUEROCOTO;;;;;;;;;;;;;;;;;;;;;;;;;;;;;;;;;;;;;;;;;;;;;;;;;;;;;;;;;;;;;;;;;;;;;;;;;;;;;;;;;;;;;;;;;;;;;;;;;;;;;;;;;;;;;;;;;;;;
20221121;Bosque de Protección;BP06;Alto Mayo;;San Martín;182000;VI - Uso sostenible de recursos naturales;R.S. N° 0293-1987-AG/DGFF;19870723;;;20183;220801;SAN MARTIN;RIOJA;RIOJA;220803;SAN MARTIN;RIOJA;ELIAS SOPLIN VARGAS;220804;SAN MARTIN;RIOJA;NUEVA CAJAMARCA;220805;SAN MARTIN;RIOJA;PARDO MIGUEL;220802;SAN MARTIN;RIOJA;AWAJUN;220101;SAN MARTIN;MOYOBAMBA;MOYOBAMBA;;;;;;;;;;;;;;;;;;;;;;;;;;;;;;;;;;;;;;;;;;;;;;;;;;;;;;;;;;;;;;;;;;;;;;;;;;;;;;;;;;;;;;;;;;;;;;;;
20221121;Coto de Caza;CC01;El Angolo;;Piura;65000;VI - Uso sostenible de recursos naturales;R.S. N° 0264-1975-AG;19750701;;;30061;200604;PIURA;SULLANA;LANCONES;200701;PIURA;TALARA;PARIÑAS;200605;PIURA;SULLANA;MARCAVELICA;;;;;;;;;;;;;;;;;;;;;;;;;;;;;;;;;;;;;;;;;;;;;;;;;;;;;;;;;;;;;;;;;;;;;;;;;;;;;;;;;;;;;;;;;;;;;;;;;;;;;;;;;;;;
20221121;Coto de Caza;CC02;Sunchubamba;;Cajamarca  y la Libertad;59735;VI - Uso sostenible de recursos naturales;R.M. N° 00462-1977-AG;19770422;;;CC 02;60104;CAJAMARCA;CAJAMARCA;COSPAN;60106;CAJAMARCA;CAJAMARCA;JESUS;60112;CAJAMARCA;CAJAMARCA;SAN JUAN;60102;CAJAMARCA;CAJAMARCA;ASUNCION;131104;LA LIBERTAD;GRAN CHIMU;SAYAPULLO;60202;CAJAMARCA;CAJABAMBA;CACHACHI;;;;;;;;;;;;;;;;;;;;;;;;;;;;;;;;;;;;;;;;;;;;;;;;;;;;;;;;;;;;;;;;;;;;;;;;;;;;;;;;;;;;;;;;;;;;;;;;
20221121;Parque Nacional;PN01;de Cutervo;Sector Sur;Cajamarca;5784.69;II - Protección de Ecosistemas y Recreación;LEY N° 13694;19610908;LEY N° 28860;20060803;261;60602;CAJAMARCA;CUTERVO;CALLAYUC;60606;CAJAMARCA;CUTERVO;PIMPINGOS;60608;CAJAMARCA;CUTERVO;SAN ANDRES DE CUTERVO;60608;CAJAMARCA;CUTERVO;SAN ANDRES DE CUTERVO;60612;CAJAMARCA;CUTERVO;SANTO DOMINGO DE LA CAPILLA;60613;CAJAMARCA;CUTERVO;SANTO TOMAS;60613;CAJAMARCA;CUTERVO;SANTO TOMAS;60611;CAJAMARCA;CUTERVO;SANTA CRUZ;;;;;;;;;;;;;;;;;;;;;;;;;;;;;;;;;;;;;;;;;;;;;;;;;;;;;;;;;;;;;;;;;;;;;;;;;;;;;;;;;;;;;;;;
20221121;Parque Nacional;PN02;de Tingo María;;Huánuco;4777;II - Protección de Ecosistemas y Recreación;LEY N° 15574;19650514;;;260;100606;HUANUCO;LEONCIO PRADO;MARIANO DAMASO BERAUN;;;;;;;;;;;;;;;;;;;;;;;;;;;;;;;;;;;;;;;;;;;;;;;;;;;;;;;;;;;;;;;;;;;;;;;;;;;;;;;;;;;;;;;;;;;;;;;;;;;;;;;;;;;;;;;;;;;;
20221121;Parque Nacional;PN03;del Manu;;Cusco y Madre de Dios;1716295.22;II - Protección de Ecosistemas y Recreación;D.S. N° 644-1973-AG;19730529;D.S. N°  045-2002-AG;20020711;257;170201;MADRE DE DIOS;MANU;MANU;170202;MADRE DE DIOS;MANU;FITZCARRALD;81106;CUSCO;PAUCARTAMBO;KOSÑIPATA;80408;CUSCO;CALCA;YANATILE;;;;;;;;;;;;;;;;;;;;;;;;;;;;;;;;;;;;;;;;;;;;;;;;;;;;;;;;;;;;;;;;;;;;;;;;;;;;;;;;;;;;;;;;;;;;;;;;;;;;;;;;
20221121;Parque Nacional;PN04;Huascarán;;Ancash;340000;II - Protección de Ecosistemas y Recreación;D.S. N° 0622-1975-AG;19750701;;;258;20105;ANCASH;HUARAZ;INDEPENDENCIA;21008;ANCASH;HUARI;HUANTAR;21014;ANCASH;HUARI;SAN MARCOS;21201;ANCASH;HUAYLAS;CARAZ;20504;ANCASH;BOLOGNESI;AQUIA;20601;ANCASH;CARHUAZ;CARHUAZ;20606;ANCASH;CARHUAZ;MARCARA;20112;ANCASH;HUARAZ;TARICA;20401;ANCASH;ASUNCION;CHACAS;20402;ANCASH;ASUNCION;ACOCHACA;21701;ANCASH;RECUAY;RECUAY;22001;ANCASH;YUNGAY;YUNGAY;22003;ANCASH;YUNGAY;MANCOS;22006;ANCASH;YUNGAY;RANRAHIRCA;22008;ANCASH;YUNGAY;YANAMA;21208;ANCASH;HUAYLAS;SANTA CRUZ;21210;ANCASH;HUAYLAS;YURACMARCA;21306;ANCASH;MARISCAL LUZURIAGA;LLUMPA;21307;ANCASH;MARISCAL LUZURIAGA;LUCMA;20608;ANCASH;CARHUAZ;SAN MIGUEL DE ACO;20609;ANCASH;CARHUAZ;SHILLA;21001;ANCASH;HUARI;HUARI;21601;ANCASH;POMABAMBA;POMABAMBA;21602;ANCASH;POMABAMBA;HUAYLLAN;21004;ANCASH;HUARI;CHAVIN DE HUANTAR;21710;ANCASH;RECUAY;TICAPAMPA;21702;ANCASH;RECUAY;CATAC;20108;ANCASH;HUARAZ;OLLEROS;20101;ANCASH;HUARAZ;HUARAZ;20508;ANCASH;BOLOGNESI;HUALLANCA
20221121;Parque Nacional;PN05;Cerros de Amotape;;Tumbes y Piura;151767.49;II - Protección de Ecosistemas y Recreación;D.S. N° 0800-1975-AG;19750722;LEY N° 30359, D.S. N° 046-2006-AG (07/07/2006);20150511;259;240104;TUMBES;TUMBES;PAMPAS DE HOSPITAL;240303;TUMBES;ZARUMILLA;MATAPALO;200604;PIURA;SULLANA;LANCONES;240202;TUMBES;CONTRALMIRANTE VILLAR;CASITAS;240105;TUMBES;TUMBES;SAN JACINTO;;;;;;;;;;;;;;;;;;;;;;;;;;;;;;;;;;;;;;;;;;;;;;;;;;;;;;;;;;;;;;;;;;;;;;;;;;;;;;;;;;;;;;;;;;;;;;;;;;;;
20221121;Parque Nacional;PN06;del Río Abiseo;;San Martín;274520;II - Protección de Ecosistemas y Recreación;D.S. N° 064-1983-AG;19830811;;;7461;220603;SAN MARTIN;MARISCAL CACERES;HUICUNGO;220602;SAN MARTIN;MARISCAL CACERES;CAMPANILLA;;;;;;;;;;;;;;;;;;;;;;;;;;;;;;;;;;;;;;;;;;;;;;;;;;;;;;;;;;;;;;;;;;;;;;;;;;;;;;;;;;;;;;;;;;;;;;;;;;;;;;;;;;;;;;;;
20221121;Parque Nacional;PN07;Yanachaga-Chemillén;;Pasco;122000;II - Protección de Ecosistemas y Recreación;D.S. N° 068-1986-AG;19860829;;;12213;190301;PASCO;OXAPAMPA;OXAPAMPA;190307;PASCO;OXAPAMPA;VILLA RICA;190303;PASCO;OXAPAMPA;HUANCABAMBA;190305;PASCO;OXAPAMPA;POZUZO;190304;PASCO;OXAPAMPA;PALCAZU;;;;;;;;;;;;;;;;;;;;;;;;;;;;;;;;;;;;;;;;;;;;;;;;;;;;;;;;;;;;;;;;;;;;;;;;;;;;;;;;;;;;;;;;;;;;;;;;;;;;
20221121;Parque Nacional;PN08;Bahuaja-Sonene;;Madre de Dios y Puno;1091416;II - Protección de Ecosistemas y Recreación;D.S. N° 012-1996-AG;19960717;D.S. N° 048-2000-AG;20000904;127825;170102;MADRE DE DIOS;TAMBOPATA;INAMBARI;170101;MADRE DE DIOS;TAMBOPATA;TAMBOPATA;211203;PUNO;SANDIA;LIMBANI;211210;PUNO;SANDIA;SAN PEDRO DE PUTINA PUNCO;210303;PUNO;CARABAYA;AYAPATA;210304;PUNO;CARABAYA;COASA;;;;;;;;;;;;;;;;;;;;;;;;;;;;;;;;;;;;;;;;;;;;;;;;;;;;;;;;;;;;;;;;;;;;;;;;;;;;;;;;;;;;;;;;;;;;;;;;
20221121;Parque Nacional;PN09;Cordillera Azul;;San Martín, Loreto, Ucayali y Huánuco;1353190.85;II - Protección de Ecosistemas y Recreación;D.S. N° 031-2001-AG;20010521;;;303320;220203;SAN MARTIN;BELLAVISTA;BAJO BIAVO;220708;SAN MARTIN;PICOTA;SHAMBOYACU;220710;SAN MARTIN;PICOTA;TRES UNIDOS;250301;UCAYALI;PADRE ABAD;PADRE ABAD;100607;HUANUCO;LEONCIO PRADO;PUCAYACU;100610;HUANUCO;LEONCIO PRADO;SANTO DOMINGO DE ANDA;220907;SAN MARTIN;SAN MARTIN;HUIMBAYOC;220904;SAN MARTIN;SAN MARTIN;CHAZUTA;160606;LORETO;UCAYALI;VARGAS GUERRA;160605;LORETO;UCAYALI;SARAYACU;220202;SAN MARTIN;BELLAVISTA;ALTO BIAVO;160604;LORETO;UCAYALI;PAMPA HERMOSA;160601;LORETO;UCAYALI;CONTAMANA;100604;HUANUCO;LEONCIO PRADO;JOSE CRESPO Y CASTILLO;;;;;;;;;;;;;;;;;;;;;;;;;;;;;;;;;;;;;;;;;;;;;;;;;;;;;;;;;;;;;;;;
20221121;Parque Nacional;PN10;Otishi;;Junín y Cusco;305973.05;II - Protección de Ecosistemas y Recreación;D.S. N° 003-2003-AG;20030114;D.S. N° 021-2003-AG;20030530;303323;80915;CUSCO;LA CONVENCION;KUMPIRUSHIATO;80902;CUSCO;LA CONVENCION;ECHARATE;80910;CUSCO;LA CONVENCION;PICHARI;120608;JUNIN;SATIPO;RIO TAMBO;;;;;;;;;;;;;;;;;;;;;;;;;;;;;;;;;;;;;;;;;;;;;;;;;;;;;;;;;;;;;;;;;;;;;;;;;;;;;;;;;;;;;;;;;;;;;;;;;;;;;;;;
20221121;Parque Nacional;PN11;Alto Purús;;Ucayali y Madre de Dios;2510694.41;II - Protección de Ecosistemas y Recreación;D.S. N° 040-2004-AG;20041118;;;303316;170101;MADRE DE DIOS;TAMBOPATA;TAMBOPATA;250401;UCAYALI;PURUS;PURUS;170301;MADRE DE DIOS;TAHUAMANU;IÑAPARI;;;;;;;;;;;;;;;;;;;;;;;;;;;;;;;;;;;;;;;;;;;;;;;;;;;;;;;;;;;;;;;;;;;;;;;;;;;;;;;;;;;;;;;;;;;;;;;;;;;;;;;;;;;;
20221121;Parque Nacional;PN12;Ichigkat Muja-Cordillera del Cóndor;;Amazonas;88477;II - Protección de Ecosistemas y Recreación;D.S. N° 023-2007-AG;20070809;;;555544087;10403;AMAZONAS;CONDORCANQUI;RIO SANTIAGO;10402;AMAZONAS;CONDORCANQUI;EL CENEPA;;;;;;;;;;;;;;;;;;;;;;;;;;;;;;;;;;;;;;;;;;;;;;;;;;;;;;;;;;;;;;;;;;;;;;;;;;;;;;;;;;;;;;;;;;;;;;;;;;;;;;;;;;;;;;;;
20221121;Parque Nacional;PN13;Güeppí-Sekime;;Loreto;203628.51;II - Protección de Ecosistemas y Recreación;D.S. N° 006-2012-MINAM;20121025;;20021025;555555616;160803;LORETO;PUTUMAYO;TENIENTE MANUEL CLAVERO;;;;;;;;;;;;;;;;;;;;;;;;;;;;;;;;;;;;;;;;;;;;;;;;;;;;;;;;;;;;;;;;;;;;;;;;;;;;;;;;;;;;;;;;;;;;;;;;;;;;;;;;;;;;;;;;;;;;
20221121;Parque Nacional;PN14;Sierra del Divisor;;Loreto y Ucayali;1354485.1;II - Protección de Ecosistemas y Recreación;D.S. N° 014-2015-MINAM;20151109;;;555623628;250101;UCAYALI;CORONEL PORTILLO;CALLERIA;160504;LORETO;REQUENA;EMILIO SAN MARTIN;160505;LORETO;REQUENA;MAQUIA;160508;LORETO;REQUENA;SOPLIN;160502;LORETO;REQUENA;ALTO TAPICHE;160511;LORETO;REQUENA;YAQUERANA;160601;LORETO;UCAYALI;CONTAMANA;;;;;;;;;;;;;;;;;;;;;;;;;;;;;;;;;;;;;;;;;;;;;;;;;;;;;;;;;;;;;;;;;;;;;;;;;;;;;;;;;;;;;;;;;;;;
20221121;Parque Nacional;PN15;Yaguas;;Loreto;868927.84;II - Protección de Ecosistemas y Recreación;D.S. N° 001-2018-MINAM;20180110;;;555629239;160401;LORETO;MARISCAL RAMON CASTILLA;RAMON CASTILLA;160402;LORETO;MARISCAL RAMON CASTILLA;PEBAS;160404;LORETO;MARISCAL RAMON CASTILLA;SAN PABLO;160804;LORETO;PUTUMAYO;YAGUAS;160801;LORETO;PUTUMAYO;PUTUMAYO;;;;;;;;;;;;;;;;;;;;;;;;;;;;;;;;;;;;;;;;;;;;;;;;;;;;;;;;;;;;;;;;;;;;;;;;;;;;;;;;;;;;;;;;;;;;;;;;;;;;
20221121;Refugio de Vida Silvestre;RVS01;Laquipampa;;Lambayeque;8328.64;IV - Conservar el hábitat por intervención controlada;D.S. N° 045-2006-AG;20060707;;;20187;140203;LAMBAYEQUE;FERREÑAFE;INCAHUASI;140304;LAMBAYEQUE;LAMBAYEQUE;JAYANCA;;;;;;;;;;;;;;;;;;;;;;;;;;;;;;;;;;;;;;;;;;;;;;;;;;;;;;;;;;;;;;;;;;;;;;;;;;;;;;;;;;;;;;;;;;;;;;;;;;;;;;;;;;;;;;;;
20221121;Refugio de Vida Silvestre;RVS02;Los Pantanos de Villa;;Lima;263.27;IV - Conservar el hábitat por intervención controlada;D.S. N° 055-2006-AG;20060831;;;555544084;150108;LIMA;LIMA;CHORRILLOS;;;;;;;;;;;;;;;;;;;;;;;;;;;;;;;;;;;;;;;;;;;;;;;;;;;;;;;;;;;;;;;;;;;;;;;;;;;;;;;;;;;;;;;;;;;;;;;;;;;;;;;;;;;;;;;;;;;;
20221121;Refugio de Vida Silvestre;RVS03;Bosques Nublados de Udima;Sector Sur;Cajamarca;9849.64;IV - Conservar el hábitat por intervención controlada;D.S. N° 020-2011-MINAM;20110721;;;555544103;61103;CAJAMARCA;SAN MIGUEL;CALQUIS;61303;CAJAMARCA;SANTA CRUZ;CATACHE;;;;;;;;;;;;;;;;;;;;;;;;;;;;;;;;;;;;;;;;;;;;;;;;;;;;;;;;;;;;;;;;;;;;;;;;;;;;;;;;;;;;;;;;;;;;;;;;;;;;;;;;;;;;;;;;
20221121;Refugio de Vida Silvestre;RVS03;Bosques Nublados de Udima;Sector Centro;Cajamarca;74.41;IV - Conservar el hábitat por intervención controlada;D.S. N° 020-2011-MINAM;20110721;;;555544103;61303;CAJAMARCA;SANTA CRUZ;CATACHE;;;;;;;;;;;;;;;;;;;;;;;;;;;;;;;;;;;;;;;;;;;;;;;;;;;;;;;;;;;;;;;;;;;;;;;;;;;;;;;;;;;;;;;;;;;;;;;;;;;;;;;;;;;;;;;;;;;;
20221121;Refugio de Vida Silvestre;RVS03;Bosques Nublados de Udima;Sector Norte;Cajamarca;2259.15;IV - Conservar el hábitat por intervención controlada;D.S. N° 020-2011-MINAM;20110721;;;555544103;61303;CAJAMARCA;SANTA CRUZ;CATACHE;;;;;;;;;;;;;;;;;;;;;;;;;;;;;;;;;;;;;;;;;;;;;;;;;;;;;;;;;;;;;;;;;;;;;;;;;;;;;;;;;;;;;;;;;;;;;;;;;;;;;;;;;;;;;;;;;;;;
20221121;Reserva Comunal;RC01;Yanesha;;Pasco;34744.7;VI - Uso sostenible de recursos naturales;R.S. N° 0193-1988-AG-DGFF;19880428;;;30040;190307;PASCO;OXAPAMPA;VILLA RICA;190304;PASCO;OXAPAMPA;PALCAZU;;;;;;;;;;;;;;;;;;;;;;;;;;;;;;;;;;;;;;;;;;;;;;;;;;;;;;;;;;;;;;;;;;;;;;;;;;;;;;;;;;;;;;;;;;;;;;;;;;;;;;;;;;;;;;;;
20221121;Reserva Comunal;RC02;El Sira;;Huánuco, Pasco y Ucayali;616413.41;VI - Uso sostenible de recursos naturales;D.S. N° 037-2001-AG;20010622;;;303321;100901;HUANUCO;PUERTO INCA;PUERTO INCA;100903;HUANUCO;PUERTO INCA;HONORIA;190306;PASCO;OXAPAMPA;PUERTO BERMUDEZ;190308;PASCO;OXAPAMPA;CONSTITUCION;250201;UCAYALI;ATALAYA;RAIMONDI;250203;UCAYALI;ATALAYA;TAHUANIA;250103;UCAYALI;CORONEL PORTILLO;IPARIA;100905;HUANUCO;PUERTO INCA;YUYAPICHIS;100904;HUANUCO;PUERTO INCA;TOURNAVISTA;;;;;;;;;;;;;;;;;;;;;;;;;;;;;;;;;;;;;;;;;;;;;;;;;;;;;;;;;;;;;;;;;;;;;;;;;;;;;;;;;;;;
20221121;Reserva Comunal;RC03;Amarakaeri;;Madre de Dios;402335.62;VI - Uso sostenible de recursos naturales;D.S. N° 031-2002-AG;20020509;;;303317;170204;MADRE DE DIOS;MANU;HUEPETUHE;170201;MADRE DE DIOS;MANU;MANU;170203;MADRE DE DIOS;MANU;MADRE DE DIOS;170202;MADRE DE DIOS;MANU;FITZCARRALD;81203;CUSCO;QUISPICANCHI;CAMANTI;;;;;;;;;;;;;;;;;;;;;;;;;;;;;;;;;;;;;;;;;;;;;;;;;;;;;;;;;;;;;;;;;;;;;;;;;;;;;;;;;;;;;;;;;;;;;;;;;;;;
20221121;Reserva Comunal;RC04;Ashaninka;;Junín y Cusco;184468.38;VI - Uso sostenible de recursos naturales;D.S. N° 003-2003-AG;20030114;D.S. N° 021-2003-AG;20030530;303318;80907;CUSCO;LA CONVENCION;KIMBIRI;80910;CUSCO;LA CONVENCION;PICHARI;120608;JUNIN;SATIPO;RIO TAMBO;;;;;;;;;;;;;;;;;;;;;;;;;;;;;;;;;;;;;;;;;;;;;;;;;;;;;;;;;;;;;;;;;;;;;;;;;;;;;;;;;;;;;;;;;;;;;;;;;;;;;;;;;;;;
20221121;Reserva Comunal;RC05;Machiguenga;;Cusco;218905.63;VI - Uso sostenible de recursos naturales;D.S. N° 003-2003-AG;20030114;D.S. N° 021-2003-AG;20030530;303322;80915;CUSCO;LA CONVENCION;KUMPIRUSHIATO;80902;CUSCO;LA CONVENCION;ECHARATE;80914;CUSCO;LA CONVENCION;MEGANTONI;120608;JUNIN;SATIPO;RIO TAMBO;;;;;;;;;;;;;;;;;;;;;;;;;;;;;;;;;;;;;;;;;;;;;;;;;;;;;;;;;;;;;;;;;;;;;;;;;;;;;;;;;;;;;;;;;;;;;;;;;;;;;;;;
20221121;Reserva Comunal;RC06;Purús;;Ucayali y Madre de Dios;202033.21;VI - Uso sostenible de recursos naturales;D.S. N° 040-2004-AG;20041118;;;61767;250401;UCAYALI;PURUS;PURUS;170301;MADRE DE DIOS;TAHUAMANU;IÑAPARI;;;;;;;;;;;;;;;;;;;;;;;;;;;;;;;;;;;;;;;;;;;;;;;;;;;;;;;;;;;;;;;;;;;;;;;;;;;;;;;;;;;;;;;;;;;;;;;;;;;;;;;;;;;;;;;;
20221121;Reserva Comunal;RC07;Tuntanain;;Amazonas;94967.68;VI - Uso sostenible de recursos naturales;D.S. N° 023-2007-AG;20070809;;;555544086;10403;AMAZONAS;CONDORCANQUI;RIO SANTIAGO;10402;AMAZONAS;CONDORCANQUI;EL CENEPA;;;;;;;;;;;;;;;;;;;;;;;;;;;;;;;;;;;;;;;;;;;;;;;;;;;;;;;;;;;;;;;;;;;;;;;;;;;;;;;;;;;;;;;;;;;;;;;;;;;;;;;;;;;;;;;;
20221121;Reserva Comunal;RC08;Chayu Naín;;Amazonas;23597.76;VI - Uso sostenible de recursos naturales;D.S. N° 021-2009-MINAM;20091209;;;555544088;10702;AMAZONAS;UTCUBAMBA;CAJARURO;10205;AMAZONAS;BAGUA;IMAZA;;;;;;;;;;;;;;;;;;;;;;;;;;;;;;;;;;;;;;;;;;;;;;;;;;;;;;;;;;;;;;;;;;;;;;;;;;;;;;;;;;;;;;;;;;;;;;;;;;;;;;;;;;;;;;;;
20221121;Reserva Comunal;RC09;Airo Pai;;Loreto;247887.59;VI - Uso sostenible de recursos naturales;D.S. N° 006-2012-MINAM;20121025;;;555555618;160803;LORETO;PUTUMAYO;TENIENTE MANUEL CLAVERO;160110;LORETO;MAYNAS;TORRES CAUSANA;;;;;;;;;;;;;;;;;;;;;;;;;;;;;;;;;;;;;;;;;;;;;;;;;;;;;;;;;;;;;;;;;;;;;;;;;;;;;;;;;;;;;;;;;;;;;;;;;;;;;;;;;;;;;;;;
20221121;Reserva Comunal;RC10;Huimeki;;Loreto;141234.46;VI - Uso sostenible de recursos naturales;D.S. N° 006-2012-MINAM;20121025;;;555555617;160803;LORETO;PUTUMAYO;TENIENTE MANUEL CLAVERO;;;;;;;;;;;;;;;;;;;;;;;;;;;;;;;;;;;;;;;;;;;;;;;;;;;;;;;;;;;;;;;;;;;;;;;;;;;;;;;;;;;;;;;;;;;;;;;;;;;;;;;;;;;;;;;;;;;;
20221121;Reserva Nacional;RN01;Pampa Galeras Barbara D' Achille;;Ayacucho;6500;VI - Uso sostenible de recursos naturales;R.S. N° 157-A;19670518;D.S. N° 017-1993-PCM;19930406;251;50609;AYACUCHO;LUCANAS;LEONCIO PRADO;50615;AYACUCHO;LUCANAS;SAN CRISTOBAL;50611;AYACUCHO;LUCANAS;LUCANAS;50621;AYACUCHO;LUCANAS;SANTA LUCIA;;;;;;;;;;;;;;;;;;;;;;;;;;;;;;;;;;;;;;;;;;;;;;;;;;;;;;;;;;;;;;;;;;;;;;;;;;;;;;;;;;;;;;;;;;;;;;;;;;;;;;;;
20221121;Reserva Nacional;RN02;de Junín;;Junín y Pasco;53000;VI - Uso sostenible de recursos naturales;D.S. N° 0750-1974-AG;19740807;;;252;120501;JUNIN;JUNIN;JUNIN;120502;JUNIN;JUNIN;CARHUAMAYO;190112;PASCO;PASCO;VICCO;120503;JUNIN;JUNIN;ONDORES;190105;PASCO;PASCO;NINACACA;;;;;;;;;;;;;;;;;;;;;;;;;;;;;;;;;;;;;;;;;;;;;;;;;;;;;;;;;;;;;;;;;;;;;;;;;;;;;;;;;;;;;;;;;;;;;;;;;;;;
20221121;Reserva Nacional;RN03;de Paracas;;Ica;335000;VI - Uso sostenible de recursos naturales;D.S. N° 1281-1975-AG;19750925;;;250;110101;ICA;ICA;ICA;110505;ICA;PISCO;PARACAS;;;;;;;;;;;;;;;;;;;;;;;;;;;;;;;;;;;;;;;;;;;;;;;;;;;;;;;;;;;;;;;;;;;;;;;;;;;;;;;;;;;;;;;;;;;;;;;;;;;;;;;;;;;;;;;;
20221121;Reserva Nacional;RN04;de Lachay;;Lima;5070;VI - Uso sostenible de recursos naturales;D.S. N° 310-1977-AG;19770621;;;254;150801;LIMA;HUAURA;HUACHO;;;;;;;;;;;;;;;;;;;;;;;;;;;;;;;;;;;;;;;;;;;;;;;;;;;;;;;;;;;;;;;;;;;;;;;;;;;;;;;;;;;;;;;;;;;;;;;;;;;;;;;;;;;;;;;;;;;;
20221121;Reserva Nacional;RN05;del Titicaca;Sector Ramis;Puno;7030;VI - Uso sostenible de recursos naturales;D.S. N° 185-1978-AA;19781031;;;253;210607;PUNO;HUANCANE;TARACO;210601;PUNO;HUANCANE;HUANCANE;210601;PUNO;HUANCANE;HUANCANE;210601;PUNO;HUANCANE;HUANCANE;;;;;;;;;;;;;;;;;;;;;;;;;;;;;;;;;;;;;;;;;;;;;;;;;;;;;;;;;;;;;;;;;;;;;;;;;;;;;;;;;;;;;;;;;;;;;;;;;;;;;;;;
20221121;Reserva Nacional;RN05;del Titicaca;Sector Puno;Puno;29150;VI - Uso sostenible de recursos naturales;D.S. N° 185-1978-AA;19781031;;;253;210110;PUNO;PUNO;PAUCARCOLLA;210108;PUNO;PUNO;HUATA;210107;PUNO;PUNO;COATA;210101;PUNO;PUNO;PUNO;;;;;;;;;;;;;;;;;;;;;;;;;;;;;;;;;;;;;;;;;;;;;;;;;;;;;;;;;;;;;;;;;;;;;;;;;;;;;;;;;;;;;;;;;;;;;;;;;;;;;;;;
20221121;Reserva Nacional;RN06;de Salinas y Aguada Blanca;;Arequipa y Moquegua;366936;VI - Uso sostenible de recursos naturales;D.S. N° 070-1979-AA;19790809;;;2175;40102;AREQUIPA;AREQUIPA;ALTO SELVA ALEGRE;40110;AREQUIPA;AREQUIPA;MIRAFLORES;40514;AREQUIPA;CAYLLOMA;SAN ANTONIO DE CHUCA;40106;AREQUIPA;AREQUIPA;CHIGUATA;40519;AREQUIPA;CAYLLOMA;YANQUE;40501;AREQUIPA;CAYLLOMA;CHIVAY;40128;AREQUIPA;AREQUIPA;YURA;40103;AREQUIPA;AREQUIPA;CAYMA;40104;AREQUIPA;AREQUIPA;CERRO COLORADO;40119;AREQUIPA;AREQUIPA;SAN JUAN DE TARUCANI;180210;MOQUEGUA;GENERAL SANCHEZ CERRO;UBINAS;;;;;;;;;;;;;;;;;;;;;;;;;;;;;;;;;;;;;;;;;;;;;;;;;;;;;;;;;;;;;;;;;;;;;;;;;;;;
20221121;Reserva Nacional;RN07;de Calipuy;;La Libertad;64000;VI - Uso sostenible de recursos naturales;D.S. N° 004-1981-AA;19810108;;;266;131001;LA LIBERTAD;SANTIAGO DE CHUCO;SANTIAGO DE CHUCO;131202;LA LIBERTAD;VIRU;CHAO;;;;;;;;;;;;;;;;;;;;;;;;;;;;;;;;;;;;;;;;;;;;;;;;;;;;;;;;;;;;;;;;;;;;;;;;;;;;;;;;;;;;;;;;;;;;;;;;;;;;;;;;;;;;;;;;
20221121;Reserva Nacional;RN08;Pacaya-Samiria;;Loreto;2080000;VI - Uso sostenible de recursos naturales;D.S. N° 006-1972-PE;19720225;D.S. N° 007-2007-AG, D.S. N° 016-1982-AG (04/02/1982);20070125;249;160210;LORETO;ALTO AMAZONAS;SANTA CRUZ;160301;LORETO;LORETO;NAUTA;160302;LORETO;LORETO;PARINARI;160305;LORETO;LORETO;URARINAS;160501;LORETO;REQUENA;REQUENA;160510;LORETO;REQUENA;JENARO HERRERA;160505;LORETO;REQUENA;MAQUIA;160506;LORETO;REQUENA;PUINAHUA;160507;LORETO;REQUENA;SAQUENA;160605;LORETO;UCAYALI;SARAYACU;160206;LORETO;ALTO AMAZONAS;LAGUNAS;;;;;;;;;;;;;;;;;;;;;;;;;;;;;;;;;;;;;;;;;;;;;;;;;;;;;;;;;;;;;;;;;;;;;;;;;;;;
20221121;Reserva Nacional;RN09;Tambopata;;Madre de Dios;274690;VI - Uso sostenible de recursos naturales;D.S. N° 048-2000-AG;20000904;;;3370;170102;MADRE DE DIOS;TAMBOPATA;INAMBARI;170101;MADRE DE DIOS;TAMBOPATA;TAMBOPATA;;;;;;;;;;;;;;;;;;;;;;;;;;;;;;;;;;;;;;;;;;;;;;;;;;;;;;;;;;;;;;;;;;;;;;;;;;;;;;;;;;;;;;;;;;;;;;;;;;;;;;;;;;;;;;;;
20221121;Reserva Nacional;RN10;Allpahuayo Mishana;;Loreto;58069.9;VI - Uso sostenible de recursos naturales;D.S. N° 002-2004-AG;20040115;;;168276;160101;LORETO;MAYNAS;IQUITOS;160102;LORETO;MAYNAS;ALTO NANAY;160113;LORETO;MAYNAS;SAN JUAN BAUTISTA;;;;;;;;;;;;;;;;;;;;;;;;;;;;;;;;;;;;;;;;;;;;;;;;;;;;;;;;;;;;;;;;;;;;;;;;;;;;;;;;;;;;;;;;;;;;;;;;;;;;;;;;;;;;
20221121;Reserva Nacional;RN11;de Tumbes;;Tumbes;19266.72;VI - Uso sostenible de recursos naturales;D.S. N° 046-2006-AG;20060707;;;98158;240104;TUMBES;TUMBES;PAMPAS DE HOSPITAL;240303;TUMBES;ZARUMILLA;MATAPALO;;;;;;;;;;;;;;;;;;;;;;;;;;;;;;;;;;;;;;;;;;;;;;;;;;;;;;;;;;;;;;;;;;;;;;;;;;;;;;;;;;;;;;;;;;;;;;;;;;;;;;;;;;;;;;;;
20221121;Reserva Nacional;RN12;Matsés;;Loreto;420635.34;VI - Uso sostenible de recursos naturales;D.S. N° 014-2009-MINAM;20090826;;;555544085;160501;LORETO;REQUENA;REQUENA;160508;LORETO;REQUENA;SOPLIN;160511;LORETO;REQUENA;YAQUERANA;;;;;;;;;;;;;;;;;;;;;;;;;;;;;;;;;;;;;;;;;;;;;;;;;;;;;;;;;;;;;;;;;;;;;;;;;;;;;;;;;;;;;;;;;;;;;;;;;;;;;;;;;;;;
20221121;Reserva Nacional;RN13.01;Sistema de Islas, Islotes y Puntas Guaneras - Isla Lobos de Tierra;;Océano Pacífico;18278.9;VI - Uso sostenible de recursos naturales;D.S. N° 024-2009-MINAM;20091231;;;555544090;200801;PIURA;SECHURA;SECHURA;;;;;;;;;;;;;;;;;;;;;;;;;;;;;;;;;;;;;;;;;;;;;;;;;;;;;;;;;;;;;;;;;;;;;;;;;;;;;;;;;;;;;;;;;;;;;;;;;;;;;;;;;;;;;;;;;;;;
20221121;Reserva Nacional;RN13.02;Sistema de Islas, Islotes y Puntas Guaneras - Islas Lobos de Afuera;;Océano Pacífico;8265.13;VI - Uso sostenible de recursos naturales;D.S. N° 024-2009-MINAM;20091231;;;555544090;140306;LAMBAYEQUE;LAMBAYEQUE;MORROPE;;;;;;;;;;;;;;;;;;;;;;;;;;;;;;;;;;;;;;;;;;;;;;;;;;;;;;;;;;;;;;;;;;;;;;;;;;;;;;;;;;;;;;;;;;;;;;;;;;;;;;;;;;;;;;;;;;;;
20221121;Reserva Nacional;RN13.03;Sistema de Islas, Islotes y Puntas Guaneras - Islas Macabí;;Océano Pacífico;8015.76;VI - Uso sostenible de recursos naturales;D.S. N° 024-2009-MINAM;20091231;;;555544090;130206;LA LIBERTAD;ASCOPE;RAZURI;;;;;;;;;;;;;;;;;;;;;;;;;;;;;;;;;;;;;;;;;;;;;;;;;;;;;;;;;;;;;;;;;;;;;;;;;;;;;;;;;;;;;;;;;;;;;;;;;;;;;;;;;;;;;;;;;;;;
20221121;Reserva Nacional;RN13.04-05;Sistema de Islas, Islotes y Puntas Guaneras - Islas Guañape Norte y Guañape Sur;;Océano Pacífico;8487.36;VI - Uso sostenible de recursos naturales;D.S. N° 024-2009-MINAM;20091231;;;555544090;131201;LA LIBERTAD;VIRU;VIRU;;;;;;;;;;;;;;;;;;;;;;;;;;;;;;;;;;;;;;;;;;;;;;;;;;;;;;;;;;;;;;;;;;;;;;;;;;;;;;;;;;;;;;;;;;;;;;;;;;;;;;;;;;;;;;;;;;;;
20221121;Reserva Nacional;RN13.06;Sistema de Islas, Islotes y Puntas Guaneras - Isla Chao;;Océano Pacífico;4495.28;VI - Uso sostenible de recursos naturales;D.S. N° 024-2009-MINAM;20091231;;;555544090;131203;LA LIBERTAD;VIRU;GUADALUPITO;;;;;;;;;;;;;;;;;;;;;;;;;;;;;;;;;;;;;;;;;;;;;;;;;;;;;;;;;;;;;;;;;;;;;;;;;;;;;;;;;;;;;;;;;;;;;;;;;;;;;;;;;;;;;;;;;;;;
20221121;Reserva Nacional;RN13.07;Sistema de Islas, Islotes y Puntas Guaneras - Islote Corcovado;;Océano Pacífico;5228.21;VI - Uso sostenible de recursos naturales;D.S. N° 024-2009-MINAM;20091231;;;555544090;131203;LA LIBERTAD;VIRU;GUADALUPITO;;;;;;;;;;;;;;;;;;;;;;;;;;;;;;;;;;;;;;;;;;;;;;;;;;;;;;;;;;;;;;;;;;;;;;;;;;;;;;;;;;;;;;;;;;;;;;;;;;;;;;;;;;;;;;;;;;;;
20221121;Reserva Nacional;RN13.08;Sistema de Islas, Islotes y Puntas Guaneras - Isla Santa;;Océano Pacífico;6662.71;VI - Uso sostenible de recursos naturales;D.S. N° 024-2009-MINAM;20091231;;;555544090;021808;ANCASH;SANTA;SANTA;021803;ANCASH;SANTA;COISHCO;021801;ANCASH;SANTA;CHIMBOTE;;;;;;;;;;;;;;;;;;;;;;;;;;;;;;;;;;;;;;;;;;;;;;;;;;;;;;;;;;;;;;;;;;;;;;;;;;;;;;;;;;;;;;;;;;;;;;;;;;;;;;;;;;;;
20221121;Reserva Nacional;RN13.09;Sistema de Islas, Islotes y Puntas Guaneras - Punta Culebras;;Ancash;2953.89;VI - Uso sostenible de recursos naturales;D.S. N° 024-2009-MINAM;20091231;;;555544090;021103;ANCASH;HUARMEY;CULEBRAS;;;;;;;;;;;;;;;;;;;;;;;;;;;;;;;;;;;;;;;;;;;;;;;;;;;;;;;;;;;;;;;;;;;;;;;;;;;;;;;;;;;;;;;;;;;;;;;;;;;;;;;;;;;;;;;;;;;;
20221121;Reserva Nacional;RN13.10;Sistema de Islas, Islotes y Puntas Guaneras - Punta Colorado;;Ancash;2209.86;VI - Uso sostenible de recursos naturales;D.S. N° 024-2009-MINAM;20091231;;;555544090;021101;ANCASH;HUARMEY;HUARMEY;;;;;;;;;;;;;;;;;;;;;;;;;;;;;;;;;;;;;;;;;;;;;;;;;;;;;;;;;;;;;;;;;;;;;;;;;;;;;;;;;;;;;;;;;;;;;;;;;;;;;;;;;;;;;;;;;;;;
20221121;Reserva Nacional;RN13.11;Sistema de Islas, Islotes y Puntas Guaneras - Punta La Litera;;Lima;2036.45;VI - Uso sostenible de recursos naturales;D.S. N° 024-2009-MINAM;20091231;;;555544090;150202;LIMA;BARRANCA;PARAMONGA;021101;ANCASH;HUARMEY;HUARMEY;;;;;;;;;;;;;;;;;;;;;;;;;;;;;;;;;;;;;;;;;;;;;;;;;;;;;;;;;;;;;;;;;;;;;;;;;;;;;;;;;;;;;;;;;;;;;;;;;;;;;;;;;;;;;;;;
20221121;Reserva Nacional;RN13.12;Sistema de Islas, Islotes y Puntas Guaneras - Islote Don Martín;;Océano Pacífico;3312.02;VI - Uso sostenible de recursos naturales;D.S. N° 024-2009-MINAM;20091231;;;555544090;150812;LIMA;HUAURA;VEGUETA;;;;;;;;;;;;;;;;;;;;;;;;;;;;;;;;;;;;;;;;;;;;;;;;;;;;;;;;;;;;;;;;;;;;;;;;;;;;;;;;;;;;;;;;;;;;;;;;;;;;;;;;;;;;;;;;;;;;
20221121;Reserva Nacional;RN13.13-15;Sistema de Islas, Islotes y Puntas Guaneras - Punta Salinas, Isla Huampanú e Isla Mazorca;;Lima;14207.8;VI - Uso sostenible de recursos naturales;D.S. N° 024-2009-MINAM;20091231;;;555544090;150801;LIMA;HUAURA;HUACHO;;;;;;;;;;;;;;;;;;;;;;;;;;;;;;;;;;;;;;;;;;;;;;;;;;;;;;;;;;;;;;;;;;;;;;;;;;;;;;;;;;;;;;;;;;;;;;;;;;;;;;;;;;;;;;;;;;;;
20221121;Reserva Nacional;RN13.16;Sistema de Islas, Islotes y Puntas Guaneras - Islote Grupo de Pescadores;;Océano Pacífico;6913.23;VI - Uso sostenible de recursos naturales;D.S. N° 024-2009-MINAM;20091231;;;555544090;150102;LIMA;LIMA;ANCON;150139;LIMA;LIMA;SANTA ROSA;;;;;;;;;;;;;;;;;;;;;;;;;;;;;;;;;;;;;;;;;;;;;;;;;;;;;;;;;;;;;;;;;;;;;;;;;;;;;;;;;;;;;;;;;;;;;;;;;;;;;;;;;;;;;;;;
20221121;Reserva Nacional;RN13.17-18;Sistema de Islas, Islotes y Puntas Guaneras - Islas Cavinzas e Islotes Palominos;;Océano Pacífico;5146.88;VI - Uso sostenible de recursos naturales;D.S. N° 024-2009-MINAM;20091231;;;555544090;070101;CALLAO;CALLAO;CALLAO;70104;CALLAO;CALLAO;LA PERLA;;;;;;;;;;;;;;;;;;;;;;;;;;;;;;;;;;;;;;;;;;;;;;;;;;;;;;;;;;;;;;;;;;;;;;;;;;;;;;;;;;;;;;;;;;;;;;;;;;;;;;;;;;;;;;;;
20221121;Reserva Nacional;RN13.19;Sistema de Islas, Islotes y Puntas Guaneras - Islas Pachacamac;;Océano Pacífico;4289.88;VI - Uso sostenible de recursos naturales;D.S. N° 024-2009-MINAM;20091231;;;555544090;150119;LIMA;LIMA;LURIN;;;;;;;;;;;;;;;;;;;;;;;;;;;;;;;;;;;;;;;;;;;;;;;;;;;;;;;;;;;;;;;;;;;;;;;;;;;;;;;;;;;;;;;;;;;;;;;;;;;;;;;;;;;;;;;;;;;;
20221121;Reserva Nacional;RN13.20;Sistema de Islas, Islotes y Puntas Guaneras - Isla Asia;;Océano Pacífico;3929.58;VI - Uso sostenible de recursos naturales;D.S. N° 024-2009-MINAM;20091231;;;555544090;150502;LIMA;CAÑETE;ASIA;;;;;;;;;;;;;;;;;;;;;;;;;;;;;;;;;;;;;;;;;;;;;;;;;;;;;;;;;;;;;;;;;;;;;;;;;;;;;;;;;;;;;;;;;;;;;;;;;;;;;;;;;;;;;;;;;;;;
20221121;Reserva Nacional;RN13.21-23;Sistema de Islas, Islotes y Puntas Guaneras - Isla Chincha Norte, Centro y Sur;;Océano Pacífico;9410.91;VI - Uso sostenible de recursos naturales;D.S. N° 024-2009-MINAM;20091231;;;555544090;110507;ICA;PISCO;SAN CLEMENTE;;;;;;;;;;;;;;;;;;;;;;;;;;;;;;;;;;;;;;;;;;;;;;;;;;;;;;;;;;;;;;;;;;;;;;;;;;;;;;;;;;;;;;;;;;;;;;;;;;;;;;;;;;;;;;;;;;;;
20221121;Reserva Nacional;RN13.24-26;Sistema de Islas, Islotes y Puntas Guaneras - Isla Ballestas Norte, Centro y Sur;;Océano Pacífico;7197.01;VI - Uso sostenible de recursos naturales;D.S. N° 024-2009-MINAM;20091231;;;555544090;110501;ICA;PISCO;PISCO;110506;ICA;PISCO;SAN ANDRES;ICA;PISCO;PARACAS;;;;;;;;;;;;;;;;;;;;;;;;;;;;;;;;;;;;;;;;;;;;;;;;;;;;;;;;;;;;;;;;;;;;;;;;;;;;;;;;;;;;;;;;;;;;;;;;;;;;;;;;;;;;;
20221121;Reserva Nacional;RN13.27;Sistema de Islas, Islotes y Puntas Guaneras - Punta Lomitas;;Ica;2465.85;VI - Uso sostenible de recursos naturales;D.S. N° 024-2009-MINAM;20091231;;;555544090;110104;ICA;ICA;OCUCAJE;110111;ICA;ICA;SANTIAGO;;;;;;;;;;;;;;;;;;;;;;;;;;;;;;;;;;;;;;;;;;;;;;;;;;;;;;;;;;;;;;;;;;;;;;;;;;;;;;;;;;;;;;;;;;;;;;;;;;;;;;;;;;;;;;;;
20221121;Reserva Nacional;RN13.28;Sistema de Islas, Islotes y Puntas Guaneras - Punta San Juan;;Ica;2968.8;VI - Uso sostenible de recursos naturales;D.S. N° 024-2009-MINAM;20091231;;;555544090;110304;ICA;NASCA;MARCONA;;;;;;;;;;;;;;;;;;;;;;;;;;;;;;;;;;;;;;;;;;;;;;;;;;;;;;;;;;;;;;;;;;;;;;;;;;;;;;;;;;;;;;;;;;;;;;;;;;;;;;;;;;;;;;;;;;;;
20221121;Reserva Nacional;RN13.29;Sistema de Islas, Islotes y Puntas Guaneras - Punta Lomas;;Arequipa;2404.26;VI - Uso sostenible de recursos naturales;D.S. N° 024-2009-MINAM;20091231;;;555544090;040311;AREQUIPA;CARAVELI;LOMAS;;;;;;;;;;;;;;;;;;;;;;;;;;;;;;;;;;;;;;;;;;;;;;;;;;;;;;;;;;;;;;;;;;;;;;;;;;;;;;;;;;;;;;;;;;;;;;;;;;;;;;;;;;;;;;;;;;;;
20221121;Reserva Nacional;RN13.30;Sistema de Islas, Islotes y Puntas Guaneras - Punta Atico;;Arequipa;3467.69;VI - Uso sostenible de recursos naturales;D.S. N° 024-2009-MINAM;20091231;;;555544090;040303;AREQUIPA;CARAVELI;ATICO;;;;;;;;;;;;;;;;;;;;;;;;;;;;;;;;;;;;;;;;;;;;;;;;;;;;;;;;;;;;;;;;;;;;;;;;;;;;;;;;;;;;;;;;;;;;;;;;;;;;;;;;;;;;;;;;;;;;
20221121;Reserva Nacional;RN13.31;Sistema de Islas, Islotes y Puntas Guaneras - Punta La Chira;;Arequipa;2436.68;VI - Uso sostenible de recursos naturales;D.S. N° 024-2009-MINAM;20091231;;;555544090;040204;AREQUIPA;CAMANA;MARISCAL CACERES;;;;;;;;;;;;;;;;;;;;;;;;;;;;;;;;;;;;;;;;;;;;;;;;;;;;;;;;;;;;;;;;;;;;;;;;;;;;;;;;;;;;;;;;;;;;;;;;;;;;;;;;;;;;;;;;;;;;
20221121;Reserva Nacional;RN13.32;Sistema de Islas, Islotes y Puntas Guaneras - Punta Hornillos;;Arequipa;2684.19;VI - Uso sostenible de recursos naturales;D.S. N° 024-2009-MINAM;20091231;;;555544090;040207;AREQUIPA;CAMANA;QUILCA;;;;;;;;;;;;;;;;;;;;;;;;;;;;;;;;;;;;;;;;;;;;;;;;;;;;;;;;;;;;;;;;;;;;;;;;;;;;;;;;;;;;;;;;;;;;;;;;;;;;;;;;;;;;;;;;;;;;
20221121;Reserva Nacional;RN13.33;Sistema de Islas, Islotes y Puntas Guaneras - Punta Coles;;Moquegua;3365.14;VI - Uso sostenible de recursos naturales;D.S. N° 024-2009-MINAM;20091231;;;555544090;180301;MOQUEGUA;ILO;ILO;;;;;;;;;;;;;;;;;;;;;;;;;;;;;;;;;;;;;;;;;;;;;;;;;;;;;;;;;;;;;;;;;;;;;;;;;;;;;;;;;;;;;;;;;;;;;;;;;;;;;;;;;;;;;;;;;;;;
20221121;Reserva Nacional;RN14;Pucacuro;;Loreto;637953.83;VI - Uso sostenible de recursos naturales;D.S. N° 015-2010-MINAM;20101023;;;98228;160303;LORETO;LORETO;TIGRE;;;;;;;;;;;;;;;;;;;;;;;;;;;;;;;;;;;;;;;;;;;;;;;;;;;;;;;;;;;;;;;;;;;;;;;;;;;;;;;;;;;;;;;;;;;;;;;;;;;;;;;;;;;;;;;;;;;;
20221121;Reserva Nacional;RN15;San Fernando;;Ica;154716.37;VI - Uso sostenible de recursos naturales;D.S. N° 017-2011-MINAM;20110709;;;555555596;110302;ICA;NASCA;CHANGUILLO;110111;ICA;ICA;SANTIAGO;110304;ICA;NASCA;MARCONA;110301;ICA;NASCA;NASCA;;;;;;;;;;;;;;;;;;;;;;;;;;;;;;;;;;;;;;;;;;;;;;;;;;;;;;;;;;;;;;;;;;;;;;;;;;;;;;;;;;;;;;;;;;;;;;;;;;;;;;;;
20221121;Reserva Nacional;RN17;Illescas;;Piura;36550.7;VI - Uso sostenible de recursos naturales;D.S. N° 038-2021-MINAM;20211224;;;555745277;200801;PIURA;SECHURA;SECHURA;;;;;;;;;;;;;;;;;;;;;;;;;;;;;;;;;;;;;;;;;;;;;;;;;;;;;;;;;;;;;;;;;;;;;;;;;;;;;;;;;;;;;;;;;;;;;;;;;;;;;;;;;;;;;;;;;;;;
20221121;Reserva Paisajistica;RP01;Nor Yauyos-Cochas;;Lima y Junín;221268.48;V - Paisajes de conservación y Recreación;D.S. N° 033-2001-AG;20010501;;;303315;151007;LIMA;YAUYOS;CARANIA;151014;LIMA;YAUYOS;HUANCAYA;151018;LIMA;YAUYOS;LARAOS;151021;LIMA;YAUYOS;MIRAFLORES;151028;LIMA;YAUYOS;TANTA;151030;LIMA;YAUYOS;TOMAS;151033;LIMA;YAUYOS;VITIS;120414;JUNIN;JAUJA;LLOCLLAPAMPA;151002;LIMA;YAUYOS;ALIS;120405;JUNIN;JAUJA;CANCHAYLLO;150721;LIMA;HUAROCHIRI;SAN LORENZO DE QUINTI;040809;AREQUIPA;LA UNION;TAURIA;040810;AREQUIPA;LA UNION;TOMEPAMPA;040811;AREQUIPA;LA UNION;TORO;040306;AREQUIPA;CARAVELI;CAHUACHO;040806;AREQUIPA;LA UNION;PUYCA;040603;AREQUIPA;CONDESUYOS;CAYARANI;;;;;;;;;;;;;;;;;;;;;;;;;;;;;;;;;;;;;;;;;;;;;;;;;;;;
20221121;Reserva Paisajistica;RP02;Subcuenca del Cotahuasi;;Arequipa;490550;V - Paisajes de conservación y Recreación;D.S. N° 027-2005-AG;20050523;;;98159;040801;AREQUIPA;LA UNION;COTAHUASI;040802;AREQUIPA;LA UNION;ALCA;040803;AREQUIPA;LA UNION;CHARCANA;040804;AREQUIPA;LA UNION;HUAYNACOTAS;040805;AREQUIPA;LA UNION;PAMPAMARCA;040807;AREQUIPA;LA UNION;QUECHUALLA;040808;AREQUIPA;LA UNION;SAYLA;;;;;;;;;;;;;;;;;;;;;;;;;;;;;;;;;;;;;;;;;;;;;;;;;;;;;;;;;;;;;;;;;;;;;;;;;;;;;;;;;;;;;;;;;;;;
20221121;Santuario Histórico;SH01;de Chacamarca;;Junín;2500;III - Conservación de características naturales únicas;D.S. N° 0750-1974-AG;19740807;;;264;120501;JUNIN;JUNIN;JUNIN;120708;JUNIN;TARMA;SAN PEDRO DE CAJAS;;;;;;;;;;;;;;;;;;;;;;;;;;;;;;;;;;;;;;;;;;;;;;;;;;;;;;;;;;;;;;;;;;;;;;;;;;;;;;;;;;;;;;;;;;;;;;;;;;;;;;;;;;;;;;;;
20221121;Santuario Histórico;SH02;de la Pampa de Ayacucho;;Ayacucho;300;III - Conservación de características naturales únicas;D.S. N° 119-1980-AA;19800814;;;267;50108;AYACUCHO;HUAMANGA;QUINUA;;;;;;;;;;;;;;;;;;;;;;;;;;;;;;;;;;;;;;;;;;;;;;;;;;;;;;;;;;;;;;;;;;;;;;;;;;;;;;;;;;;;;;;;;;;;;;;;;;;;;;;;;;;;;;;;;;;;
20221121;Santuario Histórico;SH03;Machupicchu;;Cusco;32592;III - Conservación de características naturales únicas;D.S. N° 001-1981-AA;19810108;;;262;081304;CUSCO;URUBAMBA;MACHUPICCHU;81306;CUSCO;URUBAMBA;OLLANTAYTAMBO;80908;CUSCO;LA CONVENCION;SANTA TERESA;;;;;;;;;;;;;;;;;;;;;;;;;;;;;;;;;;;;;;;;;;;;;;;;;;;;;;;;;;;;;;;;;;;;;;;;;;;;;;;;;;;;;;;;;;;;;;;;;;;;;;;;;;;;
20221121;Santuario Histórico;SH04;Bosque de Pomac;;Lambayeque;5887.38;III - Conservación de características naturales únicas;D.S. N° 034-2001-AG;20010601;;;303319;140205;LAMBAYEQUE;FERREÑAFE;PITIPO;140303;LAMBAYEQUE;LAMBAYEQUE;ILLIMO;140309;LAMBAYEQUE;LAMBAYEQUE;PACORA;140312;LAMBAYEQUE;LAMBAYEQUE;TUCUME;;;;;;;;;;;;;;;;;;;;;;;;;;;;;;;;;;;;;;;;;;;;;;;;;;;;;;;;;;;;;;;;;;;;;;;;;;;;;;;;;;;;;;;;;;;;;;;;;;;;;;;;
20221121;Santuario Nacional;SN01;de Huayllay;;Pasco;6815;III - Conservación de características naturales únicas;D.S. N° 0750-1974-AG;19740807;;;255;190104;PASCO;PASCO;HUAYLLAY;;;;;;;;;;;;;;;;;;;;;;;;;;;;;;;;;;;;;;;;;;;;;;;;;;;;;;;;;;;;;;;;;;;;;;;;;;;;;;;;;;;;;;;;;;;;;;;;;;;;;;;;;;;;;;;;;;;;
20221121;Santuario Nacional;SN02;de Calipuy;;La Libertad;4500;III - Conservación de características naturales únicas;D.S. N° 004-1981-AA;19810108;;;256;131001;LA LIBERTAD;SANTIAGO DE CHUCO;SANTIAGO DE CHUCO;;;;;;;;;;;;;;;;;;;;;;;;;;;;;;;;;;;;;;;;;;;;;;;;;;;;;;;;;;;;;;;;;;;;;;;;;;;;;;;;;;;;;;;;;;;;;;;;;;;;;;;;;;;;;;;;;;;;
20221121;Santuario Nacional;SN03;Lagunas de Mejía;;Arequipa;690.6;III - Conservación de características naturales únicas;D.S. N° 015-1984-AG;19840224;;;7921;40703;AREQUIPA;ISLAY;DEAN VALDIVIA;40706;AREQUIPA;ISLAY;PUNTA DE BOMBON;;;;;;;;;;;;;;;;;;;;;;;;;;;;;;;;;;;;;;;;;;;;;;;;;;;;;;;;;;;;;;;;;;;;;;;;;;;;;;;;;;;;;;;;;;;;;;;;;;;;;;;;;;;;;;;;
20221121;Santuario Nacional;SN04;de Ampay;;Apurímac;3635.5;III - Conservación de características naturales únicas;D.S. N° 042-1987-AG;19870723;;;14171;30109;APURIMAC;ABANCAY;TAMBURCO;30101;APURIMAC;ABANCAY;ABANCAY;;;;;;;;;;;;;;;;;;;;;;;;;;;;;;;;;;;;;;;;;;;;;;;;;;;;;;;;;;;;;;;;;;;;;;;;;;;;;;;;;;;;;;;;;;;;;;;;;;;;;;;;;;;;;;;;
20221121;Santuario Nacional;SN05;los Manglares de Tumbes;;Tumbes;2972;III - Conservación de características naturales únicas;D.S. N° 018-1988-AG;19880302;;;12215;240301;TUMBES;ZARUMILLA;ZARUMILLA;;;;;;;;;;;;;;;;;;;;;;;;;;;;;;;;;;;;;;;;;;;;;;;;;;;;;;;;;;;;;;;;;;;;;;;;;;;;;;;;;;;;;;;;;;;;;;;;;;;;;;;;;;;;;;;;;;;;
20221121;Santuario Nacional;SN06;Megantoni;;Cusco;215868.96;III - Conservación de características naturales únicas;D.S. N° 030-2004-AG;20040817;;;20186;80902;CUSCO;LA CONVENCION;ECHARATE;80914;CUSCO;LA CONVENCION;MEGANTONI;;;;;;;;;;;;;;;;;;;;;;;;;;;;;;;;;;;;;;;;;;;;;;;;;;;;;;;;;;;;;;;;;;;;;;;;;;;;;;;;;;;;;;;;;;;;;;;;;;;;;;;;;;;;;;;;
20221121;Santuario Nacional;SN07;Pampa Hermosa;;Junín;11543.74;III - Conservación de características naturales únicas;D.S. N° 005-2009-MINAM;20090326;;;30034;120301;JUNIN;CHANCHAMAYO;CHANCHAMAYO;120704;JUNIN;TARMA;HUASAHUASI;;;;;;;;;;;;;;;;;;;;;;;;;;;;;;;;;;;;;;;;;;;;;;;;;;;;;;;;;;;;;;;;;;;;;;;;;;;;;;;;;;;;;;;;;;;;;;;;;;;;;;;;;;;;;;;;
20221121;Santuario Nacional;SN08;Tabaconas-Namballe;;Cajamarca;32124.87;III - Conservación de características naturales únicas;D.S. N° 051-1988-AG;19880520;D.S. N° 017-2009-MINAM;20090903;20178;60907;CAJAMARCA;SAN IGNACIO;TABACONAS;60905;CAJAMARCA;SAN IGNACIO;NAMBALLE;;;;;;;;;;;;;;;;;;;;;;;;;;;;;;;;;;;;;;;;;;;;;;;;;;;;;;;;;;;;;;;;;;;;;;;;;;;;;;;;;;;;;;;;;;;;;;;;;;;;;;;;;;;;;;;;
20221121;Santuario Nacional;SN09;Cordillera de Colán;;Amazonas;39215.8;III - Conservación de características naturales únicas;D.S. N° 021-2009-MINAM;20091209;;;20179;10702;AMAZONAS;UTCUBAMBA;CAJARURO;;;;;;;;;;;;;;;;;;;;;;;;;;;;;;;;;;;;;;;;;;;;;;;;;;;;;;;;;;;;;;;;;;;;;;;;;;;;;;;;;;;;;;;;;;;;;;;;;;;;;;;;;;;;;;;;;;;;
;;;;;;;;;;;;;;;;;;;;;;;;;;;;;;;;;;;;;;;;;;;;;;;;;;;;;;;;;;;;;;;;;;;;;;;;;;;;;;;;;;;;;;;;;;;;;;;;;;;;;;;;;;;;;;;;;;;;;;;;;;;;;;;;;;;;
;;;;;;;;;;;;;;;;;;;;;;;;;;;;;;;;;;;;;;;;;;;;;;;;;;;;;;;;;;;;;;;;;;;;;;;;;;;;;;;;;;;;;;;;;;;;;;;;;;;;;;;;;;;;;;;;;;;;;;;;;;;;;;;;;;;;
;;;;;;;;;;;;;;;;;;;;;;;;;;;;;;;;;;;;;;;;;;;;;;;;;;;;;;;;;;;;;;;;;;;;;;;;;;;;;;;;;;;;;;;;;;;;;;;;;;;;;;;;;;;;;;;;;;;;;;;;;;;;;;;;;;;;
;;;;;;;;;;;;;;;;;;;;;;;;;;;;;;;;;;;;;;;;;;;;;;;;;;;;;;;;;;;;;;;;;;;;;;;;;;;;;;;;;;;;;;;;;;;;;;;;;;;;;;;;;;;;;;;;;;;;;;;;;;;;;;;;;;;;
;;;;;;;;;;;;;;;;;;;;;;;;;;;;;;;;;;;;;;;;;;;;;;;;;;;;;;;;;;;;;;;;;;;;;;;;;;;;;;;;;;;;;;;;;;;;;;;;;;;;;;;;;;;;;;;;;;;;;;;;;;;;;;;;;;;;
;;;;;;;;;;;;;;;;;;;;;;;;;;;;;;;;;;;;;;;;;;;;;;;;;;;;;;;;;;;;;;;;;;;;;;;;;;;;;;;;;;;;;;;;;;;;;;;;;;;;;;;;;;;;;;;;;;;;;;;;;;;;;;;;;;;;
;;;;;;;;;;;;;;;;;;;;;;;;;;;;;;;;;;;;;;;;;;;;;;;;;;;;;;;;;;;;;;;;;;;;;;;;;;;;;;;;;;;;;;;;;;;;;;;;;;;;;;;;;;;;;;;;;;;;;;;;;;;;;;;;;;;;
;;;;;;;;;;;;;;;;;;;;;;;;;;;;;;;;;;;;;;;;;;;;;;;;;;;;;;;;;;;;;;;;;;;;;;;;;;;;;;;;;;;;;;;;;;;;;;;;;;;;;;;;;;;;;;;;;;;;;;;;;;;;;;;;;;;;
;;;;;;;;;;;;;;;;;;;;;;;;;;;;;;;;;;;;;;;;;;;;;;;;;;;;;;;;;;;;;;;;;;;;;;;;;;;;;;;;;;;;;;;;;;;;;;;;;;;;;;;;;;;;;;;;;;;;;;;;;;;;;;;;;;;;
;;;;;;;;;;;;;;;;;;;;;;;;;;;;;;;;;;;;;;;;;;;;;;;;;;;;;;;;;;;;;;;;;;;;;;;;;;;;;;;;;;;;;;;;;;;;;;;;;;;;;;;;;;;;;;;;;;;;;;;;;;;;;;;;;;;;
;;;;;;;;;;;;;;;;;;;;;;;;;;;;;;;;;;;;;;;;;;;;;;;;;;;;;;;;;;;;;;;;;;;;;;;;;;;;;;;;;;;;;;;;;;;;;;;;;;;;;;;;;;;;;;;;;;;;;;;;;;;;;;;;;;;;
;;;;;;;;;;;;;;;;;;;;;;;;;;;;;;;;;;;;;;;;;;;;;;;;;;;;;;;;;;;;;;;;;;;;;;;;;;;;;;;;;;;;;;;;;;;;;;;;;;;;;;;;;;;;;;;;;;;;;;;;;;;;;;;;;;;;
;;;;;;;;;;;;;;;;;;;;;;;;;;;;;;;;;;;;;;;;;;;;;;;;;;;;;;;;;;;;;;;;;;;;;;;;;;;;;;;;;;;;;;;;;;;;;;;;;;;;;;;;;;;;;;;;;;;;;;;;;;;;;;;;;;;;
;;;;;;;;;;;;;;;;;;;;;;;;;;;;;;;;;;;;;;;;;;;;;;;;;;;;;;;;;;;;;;;;;;;;;;;;;;;;;;;;;;;;;;;;;;;;;;;;;;;;;;;;;;;;;;;;;;;;;;;;;;;;;;;;;;;;
;;;;;;;;;;;;;;;;;;;;;;;;;;;;;;;;;;;;;;;;;;;;;;;;;;;;;;;;;;;;;;;;;;;;;;;;;;;;;;;;;;;;;;;;;;;;;;;;;;;;;;;;;;;;;;;;;;;;;;;;;;;;;;;;;;;;
;;;;;;;;;;;;;;;;;;;;;;;;;;;;;;;;;;;;;;;;;;;;;;;;;;;;;;;;;;;;;;;;;;;;;;;;;;;;;;;;;;;;;;;;;;;;;;;;;;;;;;;;;;;;;;;;;;;;;;;;;;;;;;;;;;;;
;;;;;;;;;;;;;;;;;;;;;;;;;;;;;;;;;;;;;;;;;;;;;;;;;;;;;;;;;;;;;;;;;;;;;;;;;;;;;;;;;;;;;;;;;;;;;;;;;;;;;;;;;;;;;;;;;;;;;;;;;;;;;;;;;;;;
;;;;;;;;;;;;;;;;;;;;;;;;;;;;;;;;;;;;;;;;;;;;;;;;;;;;;;;;;;;;;;;;;;;;;;;;;;;;;;;;;;;;;;;;;;;;;;;;;;;;;;;;;;;;;;;;;;;;;;;;;;;;;;;;;;;;
;;;;;;;;;;;;;;;;;;;;;;;;;;;;;;;;;;;;;;;;;;;;;;;;;;;;;;;;;;;;;;;;;;;;;;;;;;;;;;;;;;;;;;;;;;;;;;;;;;;;;;;;;;;;;;;;;;;;;;;;;;;;;;;;;;;;
;;;;;;;;;;;;;;;;;;;;;;;;;;;;;;;;;;;;;;;;;;;;;;;;;;;;;;;;;;;;;;;;;;;;;;;;;;;;;;;;;;;;;;;;;;;;;;;;;;;;;;;;;;;;;;;;;;;;;;;;;;;;;;;;;;;;
;;;;;;;;;;;;;;;;;;;;;;;;;;;;;;;;;;;;;;;;;;;;;;;;;;;;;;;;;;;;;;;;;;;;;;;;;;;;;;;;;;;;;;;;;;;;;;;;;;;;;;;;;;;;;;;;;;;;;;;;;;;;;;;;;;;;
;;;;;;;;;;;;;;;;;;;;;;;;;;;;;;;;;;;;;;;;;;;;;;;;;;;;;;;;;;;;;;;;;;;;;;;;;;;;;;;;;;;;;;;;;;;;;;;;;;;;;;;;;;;;;;;;;;;;;;;;;;;;;;;;;;;;
;;;;;;;;;;;;;;;;;;;;;;;;;;;;;;;;;;;;;;;;;;;;;;;;;;;;;;;;;;;;;;;;;;;;;;;;;;;;;;;;;;;;;;;;;;;;;;;;;;;;;;;;;;;;;;;;;;;;;;;;;;;;;;;;;;;;
;;;;;;;;;;;;;;;;;;;;;;;;;;;;;;;;;;;;;;;;;;;;;;;;;;;;;;;;;;;;;;;;;;;;;;;;;;;;;;;;;;;;;;;;;;;;;;;;;;;;;;;;;;;;;;;;;;;;;;;;;;;;;;;;;;;;
;;;;;;;;;;;;;;;;;;;;;;;;;;;;;;;;;;;;;;;;;;;;;;;;;;;;;;;;;;;;;;;;;;;;;;;;;;;;;;;;;;;;;;;;;;;;;;;;;;;;;;;;;;;;;;;;;;;;;;;;;;;;;;;;;;;;
;;;;;;;;;;;;;;;;;;;;;;;;;;;;;;;;;;;;;;;;;;;;;;;;;;;;;;;;;;;;;;;;;;;;;;;;;;;;;;;;;;;;;;;;;;;;;;;;;;;;;;;;;;;;;;;;;;;;;;;;;;;;;;;;;;;;
;;;;;;;;;;;;;;;;;;;;;;;;;;;;;;;;;;;;;;;;;;;;;;;;;;;;;;;;;;;;;;;;;;;;;;;;;;;;;;;;;;;;;;;;;;;;;;;;;;;;;;;;;;;;;;;;;;;;;;;;;;;;;;;;;;;;
;;;;;;;;;;;;;;;;;;;;;;;;;;;;;;;;;;;;;;;;;;;;;;;;;;;;;;;;;;;;;;;;;;;;;;;;;;;;;;;;;;;;;;;;;;;;;;;;;;;;;;;;;;;;;;;;;;;;;;;;;;;;;;;;;;;;
;;;;;;;;;;;;;;;;;;;;;;;;;;;;;;;;;;;;;;;;;;;;;;;;;;;;;;;;;;;;;;;;;;;;;;;;;;;;;;;;;;;;;;;;;;;;;;;;;;;;;;;;;;;;;;;;;;;;;;;;;;;;;;;;;;;;
;;;;;;;;;;;;;;;;;;;;;;;;;;;;;;;;;;;;;;;;;;;;;;;;;;;;;;;;;;;;;;;;;;;;;;;;;;;;;;;;;;;;;;;;;;;;;;;;;;;;;;;;;;;;;;;;;;;;;;;;;;;;;;;;;;;;
;;;;;;;;;;;;;;;;;;;;;;;;;;;;;;;;;;;;;;;;;;;;;;;;;;;;;;;;;;;;;;;;;;;;;;;;;;;;;;;;;;;;;;;;;;;;;;;;;;;;;;;;;;;;;;;;;;;;;;;;;;;;;;;;;;;;
;;;;;;;;;;;;;;;;;;;;;;;;;;;;;;;;;;;;;;;;;;;;;;;;;;;;;;;;;;;;;;;;;;;;;;;;;;;;;;;;;;;;;;;;;;;;;;;;;;;;;;;;;;;;;;;;;;;;;;;;;;;;;;;;;;;;
;;;;;;;;;;;;;;;;;;;;;;;;;;;;;;;;;;;;;;;;;;;;;;;;;;;;;;;;;;;;;;;;;;;;;;;;;;;;;;;;;;;;;;;;;;;;;;;;;;;;;;;;;;;;;;;;;;;;;;;;;;;;;;;;;;;;
;;;;;;;;;;;;;;;;;;;;;;;;;;;;;;;;;;;;;;;;;;;;;;;;;;;;;;;;;;;;;;;;;;;;;;;;;;;;;;;;;;;;;;;;;;;;;;;;;;;;;;;;;;;;;;;;;;;;;;;;;;;;;;;;;;;;
;;;;;;;;;;;;;;;;;;;;;;;;;;;;;;;;;;;;;;;;;;;;;;;;;;;;;;;;;;;;;;;;;;;;;;;;;;;;;;;;;;;;;;;;;;;;;;;;;;;;;;;;;;;;;;;;;;;;;;;;;;;;;;;;;;;;
;;;;;;;;;;;;;;;;;;;;;;;;;;;;;;;;;;;;;;;;;;;;;;;;;;;;;;;;;;;;;;;;;;;;;;;;;;;;;;;;;;;;;;;;;;;;;;;;;;;;;;;;;;;;;;;;;;;;;;;;;;;;;;;;;;;;
;;;;;;;;;;;;;;;;;;;;;;;;;;;;;;;;;;;;;;;;;;;;;;;;;;;;;;;;;;;;;;;;;;;;;;;;;;;;;;;;;;;;;;;;;;;;;;;;;;;;;;;;;;;;;;;;;;;;;;;;;;;;;;;;;;;;
;;;;;;;;;;;;;;;;;;;;;;;;;;;;;;;;;;;;;;;;;;;;;;;;;;;;;;;;;;;;;;;;;;;;;;;;;;;;;;;;;;;;;;;;;;;;;;;;;;;;;;;;;;;;;;;;;;;;;;;;;;;;;;;;;;;;
;;;;;;;;;;;;;;;;;;;;;;;;;;;;;;;;;;;;;;;;;;;;;;;;;;;;;;;;;;;;;;;;;;;;;;;;;;;;;;;;;;;;;;;;;;;;;;;;;;;;;;;;;;;;;;;;;;;;;;;;;;;;;;;;;;;;
;;;;;;;;;;;;;;;;;;;;;;;;;;;;;;;;;;;;;;;;;;;;;;;;;;;;;;;;;;;;;;;;;;;;;;;;;;;;;;;;;;;;;;;;;;;;;;;;;;;;;;;;;;;;;;;;;;;;;;;;;;;;;;;;;;;;
;;;;;;;;;;;;;;;;;;;;;;;;;;;;;;;;;;;;;;;;;;;;;;;;;;;;;;;;;;;;;;;;;;;;;;;;;;;;;;;;;;;;;;;;;;;;;;;;;;;;;;;;;;;;;;;;;;;;;;;;;;;;;;;;;;;;
;;;;;;;;;;;;;;;;;;;;;;;;;;;;;;;;;;;;;;;;;;;;;;;;;;;;;;;;;;;;;;;;;;;;;;;;;;;;;;;;;;;;;;;;;;;;;;;;;;;;;;;;;;;;;;;;;;;;;;;;;;;;;;;;;;;;
;;;;;;;;;;;;;;;;;;;;;;;;;;;;;;;;;;;;;;;;;;;;;;;;;;;;;;;;;;;;;;;;;;;;;;;;;;;;;;;;;;;;;;;;;;;;;;;;;;;;;;;;;;;;;;;;;;;;;;;;;;;;;;;;;;;;
;;;;;;;;;;;;;;;;;;;;;;;;;;;;;;;;;;;;;;;;;;;;;;;;;;;;;;;;;;;;;;;;;;;;;;;;;;;;;;;;;;;;;;;;;;;;;;;;;;;;;;;;;;;;;;;;;;;;;;;;;;;;;;;;;;;;
;;;;;;;;;;;;;;;;;;;;;;;;;;;;;;;;;;;;;;;;;;;;;;;;;;;;;;;;;;;;;;;;;;;;;;;;;;;;;;;;;;;;;;;;;;;;;;;;;;;;;;;;;;;;;;;;;;;;;;;;;;;;;;;;;;;;
;;;;;;;;;;;;;;;;;;;;;;;;;;;;;;;;;;;;;;;;;;;;;;;;;;;;;;;;;;;;;;;;;;;;;;;;;;;;;;;;;;;;;;;;;;;;;;;;;;;;;;;;;;;;;;;;;;;;;;;;;;;;;;;;;;;;
;;;;;;;;;;;;;;;;;;;;;;;;;;;;;;;;;;;;;;;;;;;;;;;;;;;;;;;;;;;;;;;;;;;;;;;;;;;;;;;;;;;;;;;;;;;;;;;;;;;;;;;;;;;;;;;;;;;;;;;;;;;;;;;;;;;;
;;;;;;;;;;;;;;;;;;;;;;;;;;;;;;;;;;;;;;;;;;;;;;;;;;;;;;;;;;;;;;;;;;;;;;;;;;;;;;;;;;;;;;;;;;;;;;;;;;;;;;;;;;;;;;;;;;;;;;;;;;;;;;;;;;;;
;;;;;;;;;;;;;;;;;;;;;;;;;;;;;;;;;;;;;;;;;;;;;;;;;;;;;;;;;;;;;;;;;;;;;;;;;;;;;;;;;;;;;;;;;;;;;;;;;;;;;;;;;;;;;;;;;;;;;;;;;;;;;;;;;;;;
;;;;;;;;;;;;;;;;;;;;;;;;;;;;;;;;;;;;;;;;;;;;;;;;;;;;;;;;;;;;;;;;;;;;;;;;;;;;;;;;;;;;;;;;;;;;;;;;;;;;;;;;;;;;;;;;;;;;;;;;;;;;;;;;;;;;
;;;;;;;;;;;;;;;;;;;;;;;;;;;;;;;;;;;;;;;;;;;;;;;;;;;;;;;;;;;;;;;;;;;;;;;;;;;;;;;;;;;;;;;;;;;;;;;;;;;;;;;;;;;;;;;;;;;;;;;;;;;;;;;;;;;;
;;;;;;;;;;;;;;;;;;;;;;;;;;;;;;;;;;;;;;;;;;;;;;;;;;;;;;;;;;;;;;;;;;;;;;;;;;;;;;;;;;;;;;;;;;;;;;;;;;;;;;;;;;;;;;;;;;;;;;;;;;;;;;;;;;;;
;;;;;;;;;;;;;;;;;;;;;;;;;;;;;;;;;;;;;;;;;;;;;;;;;;;;;;;;;;;;;;;;;;;;;;;;;;;;;;;;;;;;;;;;;;;;;;;;;;;;;;;;;;;;;;;;;;;;;;;;;;;;;;;;;;;;
;;;;;;;;;;;;;;;;;;;;;;;;;;;;;;;;;;;;;;;;;;;;;;;;;;;;;;;;;;;;;;;;;;;;;;;;;;;;;;;;;;;;;;;;;;;;;;;;;;;;;;;;;;;;;;;;;;;;;;;;;;;;;;;;;;;;
;;;;;;;;;;;;;;;;;;;;;;;;;;;;;;;;;;;;;;;;;;;;;;;;;;;;;;;;;;;;;;;;;;;;;;;;;;;;;;;;;;;;;;;;;;;;;;;;;;;;;;;;;;;;;;;;;;;;;;;;;;;;;;;;;;;;
;;;;;;;;;;;;;;;;;;;;;;;;;;;;;;;;;;;;;;;;;;;;;;;;;;;;;;;;;;;;;;;;;;;;;;;;;;;;;;;;;;;;;;;;;;;;;;;;;;;;;;;;;;;;;;;;;;;;;;;;;;;;;;;;;;;;
;;;;;;;;;;;;;;;;;;;;;;;;;;;;;;;;;;;;;;;;;;;;;;;;;;;;;;;;;;;;;;;;;;;;;;;;;;;;;;;;;;;;;;;;;;;;;;;;;;;;;;;;;;;;;;;;;;;;;;;;;;;;;;;;;;;;
;;;;;;;;;;;;;;;;;;;;;;;;;;;;;;;;;;;;;;;;;;;;;;;;;;;;;;;;;;;;;;;;;;;;;;;;;;;;;;;;;;;;;;;;;;;;;;;;;;;;;;;;;;;;;;;;;;;;;;;;;;;;;;;;;;;;
;;;;;;;;;;;;;;;;;;;;;;;;;;;;;;;;;;;;;;;;;;;;;;;;;;;;;;;;;;;;;;;;;;;;;;;;;;;;;;;;;;;;;;;;;;;;;;;;;;;;;;;;;;;;;;;;;;;;;;;;;;;;;;;;;;;;
;;;;;;;;;;;;;;;;;;;;;;;;;;;;;;;;;;;;;;;;;;;;;;;;;;;;;;;;;;;;;;;;;;;;;;;;;;;;;;;;;;;;;;;;;;;;;;;;;;;;;;;;;;;;;;;;;;;;;;;;;;;;;;;;;;;;
;;;;;;;;;;;;;;;;;;;;;;;;;;;;;;;;;;;;;;;;;;;;;;;;;;;;;;;;;;;;;;;;;;;;;;;;;;;;;;;;;;;;;;;;;;;;;;;;;;;;;;;;;;;;;;;;;;;;;;;;;;;;;;;;;;;;
;;;;;;;;;;;;;;;;;;;;;;;;;;;;;;;;;;;;;;;;;;;;;;;;;;;;;;;;;;;;;;;;;;;;;;;;;;;;;;;;;;;;;;;;;;;;;;;;;;;;;;;;;;;;;;;;;;;;;;;;;;;;;;;;;;;;
;;;;;;;;;;;;;;;;;;;;;;;;;;;;;;;;;;;;;;;;;;;;;;;;;;;;;;;;;;;;;;;;;;;;;;;;;;;;;;;;;;;;;;;;;;;;;;;;;;;;;;;;;;;;;;;;;;;;;;;;;;;;;;;;;;;;
;;;;;;;;;;;;;;;;;;;;;;;;;;;;;;;;;;;;;;;;;;;;;;;;;;;;;;;;;;;;;;;;;;;;;;;;;;;;;;;;;;;;;;;;;;;;;;;;;;;;;;;;;;;;;;;;;;;;;;;;;;;;;;;;;;;;
;;;;;;;;;;;;;;;;;;;;;;;;;;;;;;;;;;;;;;;;;;;;;;;;;;;;;;;;;;;;;;;;;;;;;;;;;;;;;;;;;;;;;;;;;;;;;;;;;;;;;;;;;;;;;;;;;;;;;;;;;;;;;;;;;;;;
;;;;;;;;;;;;;;;;;;;;;;;;;;;;;;;;;;;;;;;;;;;;;;;;;;;;;;;;;;;;;;;;;;;;;;;;;;;;;;;;;;;;;;;;;;;;;;;;;;;;;;;;;;;;;;;;;;;;;;;;;;;;;;;;;;;;
;;;;;;;;;;;;;;;;;;;;;;;;;;;;;;;;;;;;;;;;;;;;;;;;;;;;;;;;;;;;;;;;;;;;;;;;;;;;;;;;;;;;;;;;;;;;;;;;;;;;;;;;;;;;;;;;;;;;;;;;;;;;;;;;;;;;
;;;;;;;;;;;;;;;;;;;;;;;;;;;;;;;;;;;;;;;;;;;;;;;;;;;;;;;;;;;;;;;;;;;;;;;;;;;;;;;;;;;;;;;;;;;;;;;;;;;;;;;;;;;;;;;;;;;;;;;;;;;;;;;;;;;;
;;;;;;;;;;;;;;;;;;;;;;;;;;;;;;;;;;;;;;;;;;;;;;;;;;;;;;;;;;;;;;;;;;;;;;;;;;;;;;;;;;;;;;;;;;;;;;;;;;;;;;;;;;;;;;;;;;;;;;;;;;;;;;;;;;;;
;;;;;;;;;;;;;;;;;;;;;;;;;;;;;;;;;;;;;;;;;;;;;;;;;;;;;;;;;;;;;;;;;;;;;;;;;;;;;;;;;;;;;;;;;;;;;;;;;;;;;;;;;;;;;;;;;;;;;;;;;;;;;;;;;;;;
;;;;;;;;;;;;;;;;;;;;;;;;;;;;;;;;;;;;;;;;;;;;;;;;;;;;;;;;;;;;;;;;;;;;;;;;;;;;;;;;;;;;;;;;;;;;;;;;;;;;;;;;;;;;;;;;;;;;;;;;;;;;;;;;;;;;
;;;;;;;;;;;;;;;;;;;;;;;;;;;;;;;;;;;;;;;;;;;;;;;;;;;;;;;;;;;;;;;;;;;;;;;;;;;;;;;;;;;;;;;;;;;;;;;;;;;;;;;;;;;;;;;;;;;;;;;;;;;;;;;;;;;;
;;;;;;;;;;;;;;;;;;;;;;;;;;;;;;;;;;;;;;;;;;;;;;;;;;;;;;;;;;;;;;;;;;;;;;;;;;;;;;;;;;;;;;;;;;;;;;;;;;;;;;;;;;;;;;;;;;;;;;;;;;;;;;;;;;;;
;;;;;;;;;;;;;;;;;;;;;;;;;;;;;;;;;;;;;;;;;;;;;;;;;;;;;;;;;;;;;;;;;;;;;;;;;;;;;;;;;;;;;;;;;;;;;;;;;;;;;;;;;;;;;;;;;;;;;;;;;;;;;;;;;;;;
;;;;;;;;;;;;;;;;;;;;;;;;;;;;;;;;;;;;;;;;;;;;;;;;;;;;;;;;;;;;;;;;;;;;;;;;;;;;;;;;;;;;;;;;;;;;;;;;;;;;;;;;;;;;;;;;;;;;;;;;;;;;;;;;;;;;
;;;;;;;;;;;;;;;;;;;;;;;;;;;;;;;;;;;;;;;;;;;;;;;;;;;;;;;;;;;;;;;;;;;;;;;;;;;;;;;;;;;;;;;;;;;;;;;;;;;;;;;;;;;;;;;;;;;;;;;;;;;;;;;;;;;;
;;;;;;;;;;;;;;;;;;;;;;;;;;;;;;;;;;;;;;;;;;;;;;;;;;;;;;;;;;;;;;;;;;;;;;;;;;;;;;;;;;;;;;;;;;;;;;;;;;;;;;;;;;;;;;;;;;;;;;;;;;;;;;;;;;;;
;;;;;;;;;;;;;;;;;;;;;;;;;;;;;;;;;;;;;;;;;;;;;;;;;;;;;;;;;;;;;;;;;;;;;;;;;;;;;;;;;;;;;;;;;;;;;;;;;;;;;;;;;;;;;;;;;;;;;;;;;;;;;;;;;;;;
;;;;;;;;;;;;;;;;;;;;;;;;;;;;;;;;;;;;;;;;;;;;;;;;;;;;;;;;;;;;;;;;;;;;;;;;;;;;;;;;;;;;;;;;;;;;;;;;;;;;;;;;;;;;;;;;;;;;;;;;;;;;;;;;;;;;
;;;;;;;;;;;;;;;;;;;;;;;;;;;;;;;;;;;;;;;;;;;;;;;;;;;;;;;;;;;;;;;;;;;;;;;;;;;;;;;;;;;;;;;;;;;;;;;;;;;;;;;;;;;;;;;;;;;;;;;;;;;;;;;;;;;;
;;;;;;;;;;;;;;;;;;;;;;;;;;;;;;;;;;;;;;;;;;;;;;;;;;;;;;;;;;;;;;;;;;;;;;;;;;;;;;;;;;;;;;;;;;;;;;;;;;;;;;;;;;;;;;;;;;;;;;;;;;;;;;;;;;;;
;;;;;;;;;;;;;;;;;;;;;;;;;;;;;;;;;;;;;;;;;;;;;;;;;;;;;;;;;;;;;;;;;;;;;;;;;;;;;;;;;;;;;;;;;;;;;;;;;;;;;;;;;;;;;;;;;;;;;;;;;;;;;;;;;;;;
;;;;;;;;;;;;;;;;;;;;;;;;;;;;;;;;;;;;;;;;;;;;;;;;;;;;;;;;;;;;;;;;;;;;;;;;;;;;;;;;;;;;;;;;;;;;;;;;;;;;;;;;;;;;;;;;;;;;;;;;;;;;;;;;;;;;
;;;;;;;;;;;;;;;;;;;;;;;;;;;;;;;;;;;;;;;;;;;;;;;;;;;;;;;;;;;;;;;;;;;;;;;;;;;;;;;;;;;;;;;;;;;;;;;;;;;;;;;;;;;;;;;;;;;;;;;;;;;;;;;;;;;;
;;;;;;;;;;;;;;;;;;;;;;;;;;;;;;;;;;;;;;;;;;;;;;;;;;;;;;;;;;;;;;;;;;;;;;;;;;;;;;;;;;;;;;;;;;;;;;;;;;;;;;;;;;;;;;;;;;;;;;;;;;;;;;;;;;;;
;;;;;;;;;;;;;;;;;;;;;;;;;;;;;;;;;;;;;;;;;;;;;;;;;;;;;;;;;;;;;;;;;;;;;;;;;;;;;;;;;;;;;;;;;;;;;;;;;;;;;;;;;;;;;;;;;;;;;;;;;;;;;;;;;;;;
;;;;;;;;;;;;;;;;;;;;;;;;;;;;;;;;;;;;;;;;;;;;;;;;;;;;;;;;;;;;;;;;;;;;;;;;;;;;;;;;;;;;;;;;;;;;;;;;;;;;;;;;;;;;;;;;;;;;;;;;;;;;;;;;;;;;
;;;;;;;;;;;;;;;;;;;;;;;;;;;;;;;;;;;;;;;;;;;;;;;;;;;;;;;;;;;;;;;;;;;;;;;;;;;;;;;;;;;;;;;;;;;;;;;;;;;;;;;;;;;;;;;;;;;;;;;;;;;;;;;;;;;;
;;;;;;;;;;;;;;;;;;;;;;;;;;;;;;;;;;;;;;;;;;;;;;;;;;;;;;;;;;;;;;;;;;;;;;;;;;;;;;;;;;;;;;;;;;;;;;;;;;;;;;;;;;;;;;;;;;;;;;;;;;;;;;;;;;;;
;;;;;;;;;;;;;;;;;;;;;;;;;;;;;;;;;;;;;;;;;;;;;;;;;;;;;;;;;;;;;;;;;;;;;;;;;;;;;;;;;;;;;;;;;;;;;;;;;;;;;;;;;;;;;;;;;;;;;;;;;;;;;;;;;;;;
;;;;;;;;;;;;;;;;;;;;;;;;;;;;;;;;;;;;;;;;;;;;;;;;;;;;;;;;;;;;;;;;;;;;;;;;;;;;;;;;;;;;;;;;;;;;;;;;;;;;;;;;;;;;;;;;;;;;;;;;;;;;;;;;;;;;
;;;;;;;;;;;;;;;;;;;;;;;;;;;;;;;;;;;;;;;;;;;;;;;;;;;;;;;;;;;;;;;;;;;;;;;;;;;;;;;;;;;;;;;;;;;;;;;;;;;;;;;;;;;;;;;;;;;;;;;;;;;;;;;;;;;;
;;;;;;;;;;;;;;;;;;;;;;;;;;;;;;;;;;;;;;;;;;;;;;;;;;;;;;;;;;;;;;;;;;;;;;;;;;;;;;;;;;;;;;;;;;;;;;;;;;;;;;;;;;;;;;;;;;;;;;;;;;;;;;;;;;;;
;;;;;;;;;;;;;;;;;;;;;;;;;;;;;;;;;;;;;;;;;;;;;;;;;;;;;;;;;;;;;;;;;;;;;;;;;;;;;;;;;;;;;;;;;;;;;;;;;;;;;;;;;;;;;;;;;;;;;;;;;;;;;;;;;;;;
;;;;;;;;;;;;;;;;;;;;;;;;;;;;;;;;;;;;;;;;;;;;;;;;;;;;;;;;;;;;;;;;;;;;;;;;;;;;;;;;;;;;;;;;;;;;;;;;;;;;;;;;;;;;;;;;;;;;;;;;;;;;;;;;;;;;
;;;;;;;;;;;;;;;;;;;;;;;;;;;;;;;;;;;;;;;;;;;;;;;;;;;;;;;;;;;;;;;;;;;;;;;;;;;;;;;;;;;;;;;;;;;;;;;;;;;;;;;;;;;;;;;;;;;;;;;;;;;;;;;;;;;;
;;;;;;;;;;;;;;;;;;;;;;;;;;;;;;;;;;;;;;;;;;;;;;;;;;;;;;;;;;;;;;;;;;;;;;;;;;;;;;;;;;;;;;;;;;;;;;;;;;;;;;;;;;;;;;;;;;;;;;;;;;;;;;;;;;;;
;;;;;;;;;;;;;;;;;;;;;;;;;;;;;;;;;;;;;;;;;;;;;;;;;;;;;;;;;;;;;;;;;;;;;;;;;;;;;;;;;;;;;;;;;;;;;;;;;;;;;;;;;;;;;;;;;;;;;;;;;;;;;;;;;;;;
;;;;;;;;;;;;;;;;;;;;;;;;;;;;;;;;;;;;;;;;;;;;;;;;;;;;;;;;;;;;;;;;;;;;;;;;;;;;;;;;;;;;;;;;;;;;;;;;;;;;;;;;;;;;;;;;;;;;;;;;;;;;;;;;;;;;
;;;;;;;;;;;;;;;;;;;;;;;;;;;;;;;;;;;;;;;;;;;;;;;;;;;;;;;;;;;;;;;;;;;;;;;;;;;;;;;;;;;;;;;;;;;;;;;;;;;;;;;;;;;;;;;;;;;;;;;;;;;;;;;;;;;;
;;;;;;;;;;;;;;;;;;;;;;;;;;;;;;;;;;;;;;;;;;;;;;;;;;;;;;;;;;;;;;;;;;;;;;;;;;;;;;;;;;;;;;;;;;;;;;;;;;;;;;;;;;;;;;;;;;;;;;;;;;;;;;;;;;;;
;;;;;;;;;;;;;;;;;;;;;;;;;;;;;;;;;;;;;;;;;;;;;;;;;;;;;;;;;;;;;;;;;;;;;;;;;;;;;;;;;;;;;;;;;;;;;;;;;;;;;;;;;;;;;;;;;;;;;;;;;;;;;;;;;;;;
;;;;;;;;;;;;;;;;;;;;;;;;;;;;;;;;;;;;;;;;;;;;;;;;;;;;;;;;;;;;;;;;;;;;;;;;;;;;;;;;;;;;;;;;;;;;;;;;;;;;;;;;;;;;;;;;;;;;;;;;;;;;;;;;;;;;
;;;;;;;;;;;;;;;;;;;;;;;;;;;;;;;;;;;;;;;;;;;;;;;;;;;;;;;;;;;;;;;;;;;;;;;;;;;;;;;;;;;;;;;;;;;;;;;;;;;;;;;;;;;;;;;;;;;;;;;;;;;;;;;;;;;;
;;;;;;;;;;;;;;;;;;;;;;;;;;;;;;;;;;;;;;;;;;;;;;;;;;;;;;;;;;;;;;;;;;;;;;;;;;;;;;;;;;;;;;;;;;;;;;;;;;;;;;;;;;;;;;;;;;;;;;;;;;;;;;;;;;;;
;;;;;;;;;;;;;;;;;;;;;;;;;;;;;;;;;;;;;;;;;;;;;;;;;;;;;;;;;;;;;;;;;;;;;;;;;;;;;;;;;;;;;;;;;;;;;;;;;;;;;;;;;;;;;;;;;;;;;;;;;;;;;;;;;;;;
;;;;;;;;;;;;;;;;;;;;;;;;;;;;;;;;;;;;;;;;;;;;;;;;;;;;;;;;;;;;;;;;;;;;;;;;;;;;;;;;;;;;;;;;;;;;;;;;;;;;;;;;;;;;;;;;;;;;;;;;;;;;;;;;;;;;
;;;;;;;;;;;;;;;;;;;;;;;;;;;;;;;;;;;;;;;;;;;;;;;;;;;;;;;;;;;;;;;;;;;;;;;;;;;;;;;;;;;;;;;;;;;;;;;;;;;;;;;;;;;;;;;;;;;;;;;;;;;;;;;;;;;;
;;;;;;;;;;;;;;;;;;;;;;;;;;;;;;;;;;;;;;;;;;;;;;;;;;;;;;;;;;;;;;;;;;;;;;;;;;;;;;;;;;;;;;;;;;;;;;;;;;;;;;;;;;;;;;;;;;;;;;;;;;;;;;;;;;;;
;;;;;;;;;;;;;;;;;;;;;;;;;;;;;;;;;;;;;;;;;;;;;;;;;;;;;;;;;;;;;;;;;;;;;;;;;;;;;;;;;;;;;;;;;;;;;;;;;;;;;;;;;;;;;;;;;;;;;;;;;;;;;;;;;;;;
;;;;;;;;;;;;;;;;;;;;;;;;;;;;;;;;;;;;;;;;;;;;;;;;;;;;;;;;;;;;;;;;;;;;;;;;;;;;;;;;;;;;;;;;;;;;;;;;;;;;;;;;;;;;;;;;;;;;;;;;;;;;;;;;;;;;
;;;;;;;;;;;;;;;;;;;;;;;;;;;;;;;;;;;;;;;;;;;;;;;;;;;;;;;;;;;;;;;;;;;;;;;;;;;;;;;;;;;;;;;;;;;;;;;;;;;;;;;;;;;;;;;;;;;;;;;;;;;;;;;;;;;;
;;;;;;;;;;;;;;;;;;;;;;;;;;;;;;;;;;;;;;;;;;;;;;;;;;;;;;;;;;;;;;;;;;;;;;;;;;;;;;;;;;;;;;;;;;;;;;;;;;;;;;;;;;;;;;;;;;;;;;;;;;;;;;;;;;;;
;;;;;;;;;;;;;;;;;;;;;;;;;;;;;;;;;;;;;;;;;;;;;;;;;;;;;;;;;;;;;;;;;;;;;;;;;;;;;;;;;;;;;;;;;;;;;;;;;;;;;;;;;;;;;;;;;;;;;;;;;;;;;;;;;;;;
